# Blender 4.2.2 LTS
# www.blender.org
mtllib earth.mtl
o Earth
v 12.472044 21.602215 -16.667107
v 8.333553 14.434138 -24.944088
v 2.926355 5.068595 -29.423557
v 0.000000 0.000000 -30.000000
v -2.926355 -5.068595 -29.423557
v -8.333553 -14.434138 -24.944088
v 15.700612 24.910645 -5.740252
v 15.797860 22.883226 -11.259909
v 15.288005 19.976419 -16.346853
v 14.190639 16.301929 -20.805597
v 12.547936 12.000963 -24.464794
v 10.423023 7.238809 -27.183823
v 7.897559 2.198470 -28.858191
v 5.068595 -2.926355 -29.423557
v 2.044849 -7.938721 -28.858191
v -1.057481 -12.646007 -27.183823
v -4.119170 -16.867313 -24.464794
v -7.022564 -20.440418 -20.805597
v -9.656083 -23.228010 -16.346853
v -11.918525 -25.122961 -11.259909
v -13.722945 -26.052452 -5.740252
v 16.651445 24.361681 -5.407198
v 17.662987 21.806395 -10.606603
v 17.995750 18.413101 -15.398397
v 17.636946 14.312202 -19.598444
v 16.600361 9.661294 -23.045328
v 14.925838 4.639107 -25.606600
v 12.677721 -0.561358 -27.183823
v 9.942408 -5.740252 -27.716383
v 6.825012 -10.698549 -27.183823
v 3.445334 -15.245708 -25.606600
v -0.066745 -19.206982 -23.045328
v -3.576258 -22.430145 -19.598444
v -6.948338 -24.791328 -15.398397
v -10.053398 -26.199793 -10.606603
v -12.772111 -26.601416 -5.407198
v 17.527739 23.855753 -4.866350
v 19.381899 20.813980 -9.545690
v 20.491222 16.972340 -13.858191
v 20.813080 12.478462 -17.638134
v 20.335098 7.505043 -20.740248
v 19.075655 2.243209 -23.045330
v 17.083145 -3.104831 -24.464794
v 14.434138 -8.333553 -24.944084
v 11.230436 -13.242022 -24.464794
v 7.595151 -17.641605 -23.045330
v 3.667993 -21.363234 -20.740248
v -0.400125 -24.263885 -17.638134
v -4.452867 -26.232090 -13.858191
v -8.334486 -27.192207 -9.545690
v -11.895819 -27.107344 -4.866350
v 18.295816 23.412304 -4.138490
v 20.888536 19.944122 -8.117941
v 22.678520 15.709503 -11.785421
v 23.596983 10.871174 -15.000000
v 23.608624 5.615072 -17.638130
v 22.712999 0.143187 -19.598444
v 20.944530 -5.334203 -20.805595
v 18.371174 -10.606602 -21.213198
v 15.091820 -15.471394 -20.805595
v 11.232496 -19.741629 -19.598444
v 6.941517 -23.253204 -17.638130
v 2.383780 -25.871174 -15.000000
v -2.265568 -27.494926 -11.785421
v -6.827849 -28.062065 -8.117941
v -11.127741 -27.550793 -4.138490
v 18.926161 23.048374 -3.251590
v 22.125002 19.230249 -6.378225
v 24.473591 14.673119 -9.259747
v 25.881672 9.552107 -11.785424
v 26.295135 4.064013 -13.858189
v 25.698092 -1.580256 -15.398399
v 24.113487 -7.163802 -16.346849
v 21.602213 -12.472043 -16.667101
v 18.260777 -17.300993 -16.346849
v 14.217588 -21.465073 -15.398399
v 9.628029 -24.804264 -13.858189
v 4.668469 -27.190241 -11.785424
v -0.470498 -28.531311 -9.259747
v -5.591383 -28.775938 -6.378225
v -10.497396 -27.914722 -3.251590
v 15.000000 25.980762 0.000000
v 19.394548 22.777950 -2.239734
v 23.043777 18.699793 -4.393397
v 25.807447 13.903016 -6.378224
v 27.579351 8.571952 -8.117942
v 28.291393 2.911474 -9.545685
v 27.916218 -2.860891 -10.606603
v 26.468235 -8.523315 -11.259905
v 24.003092 -13.858191 -11.480496
v 20.615524 -18.660505 -11.259905
v 16.435715 -22.745707 -10.606603
v 11.624287 -25.956802 -9.545685
v 6.366148 -28.170395 -8.117942
v 0.863359 -29.301414 -6.378224
v -4.672606 -29.306395 -4.393397
v -10.029009 -28.185146 -2.239734
v 19.682981 22.611423 -1.141806
v 23.609558 18.373140 -2.239734
v 26.628834 13.428789 -3.251590
v 28.624777 7.968375 -4.138491
v 29.520683 2.201743 -4.866347
v 29.282131 -3.649503 -5.407200
v 27.918280 -9.360498 -5.740248
v 25.481544 -14.711776 -5.852704
v 22.065569 -19.497690 -5.740248
v 17.801628 -23.534317 -5.407200
v 12.853577 -26.666534 -4.866347
v 7.411573 -28.773972 -4.138491
v 1.684745 -29.775640 -3.251590
v -4.106827 -29.633047 -2.239734
v -9.740576 -28.351673 -1.141806
v 19.780373 22.555195 0.000000
v 23.800598 18.262842 0.000001
v 26.906179 13.268663 0.000002
v 28.977774 7.764573 -0.000000
v 29.935762 1.962097 0.000003
v 29.743343 -3.915784 -0.000001
v 28.407902 -9.643181 0.000003
v 25.980755 -14.999995 0.000005
v 22.555191 -19.780373 0.000003
v 18.262840 -23.800598 -0.000001
v 13.268656 -26.906179 0.000003
v 7.764570 -28.977776 -0.000000
v 1.962091 -29.935766 0.000002
v -3.915786 -29.743345 0.000001
v -9.643185 -28.407902 0.000000
v 19.682980 22.611423 1.141807
v 23.609558 18.373140 2.239736
v 26.628832 13.428790 3.251592
v 28.624775 7.968376 4.138490
v 29.520681 2.201744 4.866352
v 29.282131 -3.649503 5.407197
v 27.918280 -9.360498 5.740253
v 25.481539 -14.711773 5.852713
v 22.065569 -19.497688 5.740253
v 17.801628 -23.534317 5.407197
v 12.853575 -26.666533 4.866352
v 7.411572 -28.773972 4.138490
v 1.684744 -29.775639 3.251592
v -4.106827 -29.633047 2.239736
v -9.740577 -28.351673 1.141807
v 19.394548 22.777950 2.239735
v 23.043777 18.699793 4.393398
v 25.807446 13.903018 6.378226
v 27.579350 8.571953 8.117940
v 28.291391 2.911475 9.545690
v 27.916218 -2.860891 10.606599
v 26.468231 -8.523314 11.259909
v 24.003082 -13.858187 11.480504
v 20.615520 -18.660503 11.259909
v 16.435715 -22.745707 10.606599
v 11.624285 -25.956802 9.545690
v 6.366146 -28.170395 8.117940
v 0.863357 -29.301411 6.378226
v -4.672606 -29.306395 4.393398
v -10.029009 -28.185146 2.239735
v 18.926159 23.048374 3.251590
v 22.125000 19.230249 6.378225
v 24.473587 14.673121 9.259748
v 25.881672 9.552108 11.785422
v 26.295132 4.064016 13.858191
v 25.698092 -1.580256 15.398396
v 24.113483 -7.163799 16.346851
v 21.602201 -12.472036 16.667105
v 18.260773 -17.300989 16.346851
v 14.217588 -21.465073 15.398396
v 9.628025 -24.804260 13.858191
v 4.668468 -27.190239 11.785422
v -0.470502 -28.531307 9.259748
v -5.591384 -28.775938 6.378225
v -10.497398 -27.914722 3.251590
v 18.295815 23.412304 4.138489
v 20.888535 19.944124 8.117941
v 22.678516 15.709505 11.785422
v 23.596981 10.871175 14.999998
v 23.608620 5.615075 17.638130
v 22.712999 0.143187 19.598440
v 20.944527 -5.334200 20.805595
v 18.371159 -10.606593 21.213200
v 15.091816 -15.471392 20.805595
v 11.232496 -19.741629 19.598440
v 6.941512 -23.253201 17.638130
v 2.383778 -25.871174 14.999998
v -2.265573 -27.494925 11.785422
v -6.827851 -28.062063 8.117941
v -11.127743 -27.550793 4.138489
v 17.527739 23.855753 4.866348
v 19.381897 20.813982 9.545689
v 20.491217 16.972343 13.858190
v 20.813076 12.478462 17.638132
v 20.335094 7.505045 20.740246
v 19.075655 2.243209 23.045326
v 17.083139 -3.104827 24.464790
v 14.434125 -8.333546 24.944080
v 11.230429 -13.242018 24.464790
v 7.595151 -17.641605 23.045326
v 3.667988 -21.363232 20.740246
v -0.400126 -24.263885 17.638132
v -4.452871 -26.232086 13.858190
v -8.334489 -27.192205 9.545689
v -11.895820 -27.107344 4.866348
v 16.651445 24.361681 5.407196
v 17.662985 21.806396 10.606600
v 17.995745 18.413105 15.398394
v 17.636944 14.312204 19.598442
v 16.600357 9.661297 23.045326
v 14.925838 4.639107 25.606596
v 12.677715 -0.561355 27.183817
v 9.942395 -5.740244 27.716373
v 6.825005 -10.698545 27.183817
v 3.445334 -15.245708 25.606596
v -0.066749 -19.206980 23.045326
v -3.576260 -22.430143 19.598442
v -6.948343 -24.791325 15.398394
v -10.053400 -26.199791 10.606600
v -12.772113 -26.601416 5.407196
v 15.700612 24.910645 5.740248
v 15.797858 22.883228 11.259906
v 15.288001 19.976421 16.346846
v 14.190639 16.301929 20.805595
v 12.547932 12.000965 24.464787
v 10.423023 7.238809 27.183817
v 7.897553 2.198472 28.858183
v 5.068584 -2.926349 29.423544
v 2.044844 -7.938718 28.858183
v -1.057481 -12.646007 27.183817
v -4.119174 -16.867311 24.464787
v -7.022564 -20.440418 20.805595
v -9.656087 -23.228008 16.346846
v -11.918527 -25.122959 11.259906
v -13.722945 -26.052452 5.740248
v 14.711779 25.481548 5.852705
v 13.858191 24.003094 11.480500
v 12.472041 21.602217 16.667099
v 10.606602 18.371174 21.213200
v 8.333550 14.434140 24.944078
v 5.740253 9.942408 27.716377
v 2.926351 5.068597 29.423548
v -0.000009 0.000005 29.999981
v -2.926358 -5.068594 29.423548
v -5.740251 -9.942408 27.716377
v -8.333556 -14.434136 24.944078
v -10.606602 -18.371174 21.213200
v -12.472047 -21.602213 16.667099
v -13.858193 -24.003094 11.480500
v -14.711779 -25.481548 5.852705
v 13.722945 26.052452 5.740247
v 11.918524 25.122961 11.259906
v 9.656082 23.228012 16.346844
v 7.022564 20.440418 20.805593
v 4.119169 16.867313 24.464785
v 1.057483 12.646006 27.183815
v -2.044851 7.938722 28.858181
v -5.068600 2.926358 29.423536
v -7.897561 -2.198469 28.858181
v -10.423021 -7.238810 27.183815
v -12.547937 -12.000962 24.464785
v -14.190639 -16.301929 20.805593
v -15.288006 -19.976418 16.346844
v -15.797861 -22.883226 11.259906
v -15.700612 -24.910645 5.740247
v 12.772113 26.601416 5.407195
v 10.053398 26.199793 10.606599
v 6.948339 24.791328 15.398389
v 3.576260 22.430143 19.598440
v 0.066745 19.206982 23.045322
v -3.445330 15.245707 25.606594
v -6.825012 10.698549 27.183811
v -9.942409 5.740252 27.716362
v -12.677721 0.561358 27.183811
v -14.925835 -4.639109 25.606594
v -16.600361 -9.661294 23.045322
v -17.636944 -14.312204 19.598440
v -17.995749 -18.413101 15.398389
v -17.662987 -21.806395 10.606599
v -16.651445 -24.361681 5.407195
v 11.895820 27.107344 4.866346
v 8.334488 27.192207 9.545686
v 4.452869 26.232088 13.858182
v 0.400126 24.263885 17.638130
v -3.667991 21.363232 20.740240
v -7.595147 17.641603 23.045326
v -11.230434 13.242022 24.464783
v -14.434135 8.333551 24.944063
v -17.083143 3.104830 24.464783
v -19.075651 -2.243212 23.045326
v -20.335098 -7.505044 20.740240
v -20.813076 -12.478462 17.638130
v -20.491219 -16.972342 13.858182
v -19.381897 -20.813980 9.545686
v -17.527737 -23.855753 4.866346
v 11.127743 27.550793 4.138487
v 6.827850 28.062063 8.117938
v 2.265572 27.494925 11.785414
v -2.383778 25.871172 14.999996
v -6.941514 23.253202 17.638123
v -11.232492 19.741627 19.598438
v -15.091818 15.471392 20.805586
v -18.371164 10.606597 21.213179
v -20.944529 5.334201 20.805586
v -22.712996 -0.143189 19.598438
v -23.608620 -5.615074 17.638123
v -23.596981 -10.871176 14.999996
v -22.678516 -15.709505 11.785414
v -20.888535 -19.944124 8.117938
v -18.295815 -23.412304 4.138487
v -15.000000 -25.980762 0.000000
v 10.497398 27.914722 3.251588
v 5.591385 28.775936 6.378222
v 0.470503 28.531307 9.259738
v -4.668467 27.190239 11.785420
v -9.628025 24.804260 13.858183
v -14.217585 21.465069 15.398394
v -18.260773 17.300989 16.346840
v -21.602201 12.472036 16.667082
v -24.113483 7.163799 16.346840
v -25.698088 1.580255 15.398394
v -26.295132 -4.064016 13.858183
v -25.881670 -9.552109 11.785420
v -24.473585 -14.673122 9.259738
v -22.125000 -19.230251 6.378222
v -18.926159 -23.048374 3.251588
v 10.029011 28.185146 2.239733
v 4.672609 29.306393 4.393395
v -0.863352 29.301409 6.378217
v -6.366146 28.170395 8.117939
v -11.624281 25.956799 9.545680
v -16.435707 22.745705 10.606598
v -20.615519 18.660503 11.259896
v -24.003077 13.858183 11.480480
v -26.468229 8.523312 11.259896
v -27.916210 2.860888 10.606598
v -28.291388 -2.911477 9.545680
v -27.579350 -8.571954 8.117939
v -25.807440 -13.903021 6.378217
v -23.043776 -18.699795 4.393395
v -19.394547 -22.777950 2.239733
v 9.740580 28.351671 1.141805
v 4.106830 29.633045 2.239733
v -1.684735 29.775635 3.251585
v -7.411572 28.773972 4.138489
v -12.853571 26.666531 4.866343
v -17.801620 23.534313 5.407197
v -22.065563 19.497686 5.740242
v -25.481527 14.711766 5.852691
v -27.918274 9.360495 5.740242
v -29.282124 3.649499 5.407197
v -29.520678 -2.201747 4.866343
v -28.624775 -7.968377 4.138489
v -26.628822 -13.428795 3.251585
v -23.609554 -18.373142 2.239733
v -19.682978 -22.611425 1.141805
v 9.643188 28.407900 -0.000001
v 3.915790 29.743343 -0.000002
v -1.962082 29.935760 -0.000004
v -7.764566 28.977772 -0.000001
v -13.268650 26.906176 -0.000005
v -18.262833 23.800594 -0.000000
v -22.555182 19.780369 -0.000008
v -25.980738 14.999986 -0.000013
v -28.407892 9.643177 -0.000008
v -29.743336 3.915779 -0.000000
v -29.935757 -1.962101 -0.000005
v -28.977770 -7.764575 -0.000001
v -26.906170 -13.268668 -0.000004
v -23.800594 -18.262844 -0.000002
v -19.780369 -22.555197 -0.000001
v 9.740580 28.351671 -1.141807
v 4.106831 29.633045 -2.239736
v -1.684734 29.775635 -3.251593
v -7.411570 28.773970 -4.138491
v -12.853567 26.666527 -4.866353
v -17.801620 23.534313 -5.407197
v -22.065559 19.497684 -5.740257
v -25.481522 14.711763 -5.852717
v -27.918270 9.360493 -5.740257
v -29.282124 3.649498 -5.407197
v -29.520674 -2.201749 -4.866353
v -28.624773 -7.968378 -4.138491
v -26.628822 -13.428795 -3.251593
v -23.609554 -18.373142 -2.239736
v -19.682978 -22.611425 -1.141807
v 10.029012 28.185144 -2.239733
v 4.672610 29.306393 -4.393397
v -0.863347 29.301407 -6.378225
v -6.366144 28.170393 -8.117940
v -11.624277 25.956797 -9.545689
v -16.435707 22.745703 -10.606597
v -20.615511 18.660498 -11.259910
v -24.003067 13.858176 -11.480505
v -26.468222 8.523308 -11.259910
v -27.916210 2.860888 -10.606597
v -28.291384 -2.911480 -9.545689
v -27.579348 -8.571955 -8.117940
v -25.807434 -13.903023 -6.378225
v -23.043774 -18.699795 -4.393397
v -19.394547 -22.777952 -2.239733
v 10.497400 27.914721 -3.251589
v 5.591388 28.775936 -6.378224
v 0.470510 28.531303 -9.259745
v -4.668466 27.190239 -11.785421
v -9.628017 24.804256 -13.858189
v -14.217583 21.465069 -15.398392
v -18.260763 17.300983 -16.346851
v -21.602184 12.472027 -16.667103
v -24.113474 7.163793 -16.346851
v -25.698086 1.580254 -15.398392
v -26.295124 -4.064021 -13.858189
v -25.881668 -9.552110 -11.785421
v -24.473577 -14.673126 -9.259745
v -22.124996 -19.230251 -6.378224
v -18.926157 -23.048376 -3.251589
v 11.127745 27.550791 -4.138487
v 6.827853 28.062061 -8.117938
v 2.265581 27.494919 -11.785418
v -2.383775 25.871170 -14.999996
v -6.941504 23.253197 -17.638126
v -11.232491 19.741625 -19.598434
v -15.091806 15.471386 -20.805592
v -18.371145 10.606586 -21.213190
v -20.944517 5.334195 -20.805592
v -22.712994 -0.143190 -19.598434
v -23.608612 -5.615080 -17.638126
v -23.596977 -10.871177 -14.999996
v -22.678507 -15.709511 -11.785418
v -20.888531 -19.944126 -8.117938
v -18.295813 -23.412306 -4.138487
v 11.895822 27.107342 -4.866346
v 8.334491 27.192204 -9.545685
v 4.452879 26.232082 -13.858183
v 0.400129 24.263884 -17.638130
v -3.667981 21.363228 -20.740240
v -7.595146 17.641602 -23.045322
v -11.230421 13.242014 -24.464785
v -14.434113 8.333538 -24.944069
v -17.083132 3.104824 -24.464785
v -19.075649 -2.243213 -23.045322
v -20.335087 -7.505049 -20.740240
v -20.813074 -12.478464 -17.638130
v -20.491209 -16.972347 -13.858183
v -19.381893 -20.813984 -9.545685
v -17.527737 -23.855755 -4.866346
v 12.772114 26.601414 -5.407193
v 10.053401 26.199791 -10.606597
v 6.948349 24.791321 -15.398385
v 3.576262 22.430141 -19.598440
v 0.066755 19.206976 -23.045319
v -3.445329 15.245705 -25.606590
v -6.824999 10.698542 -27.183809
v -9.942385 5.740238 -27.716358
v -12.677710 0.561351 -27.183809
v -14.925833 -4.639110 -25.606590
v -16.600351 -9.661301 -23.045319
v -17.636942 -14.312205 -19.598440
v -17.995739 -18.413109 -15.398385
v -17.662983 -21.806396 -10.606597
v -16.651443 -24.361683 -5.407193
v 13.722946 26.052450 -5.740245
v 11.918528 25.122959 -11.259903
v 9.656092 23.228004 -16.346836
v 7.022567 20.440418 -20.805593
v 4.119179 16.867308 -24.464777
v 1.057484 12.646005 -27.183809
v -2.044838 7.938715 -28.858177
v -5.068577 2.926344 -29.423525
v -7.897548 -2.198476 -28.858177
v -10.423019 -7.238811 -27.183809
v -12.547928 -12.000969 -24.464777
v -14.190637 -16.301929 -20.805593
v -15.287996 -19.976425 -16.346836
v -15.797857 -22.883228 -11.259903
v -15.700611 -24.910646 -5.740245
v 14.711779 25.481548 -5.852703
v 13.858194 24.003092 -11.480496
v 10.606604 18.371172 -21.213198
v 5.740253 9.942407 -27.716372
v -5.740251 -9.942409 -27.716372
v -10.606600 -18.371176 -21.213198
v -12.472038 -21.602219 -16.667086
v -13.858191 -24.003096 -11.480496
v -14.711779 -25.481548 -5.852703
vn 0.4143 0.7176 -0.5598
vn 0.2764 0.4787 -0.8333
vn 0.0970 0.1680 -0.9810
vn -0.0000 -0.0000 -1.0000
vn -0.0970 -0.1679 -0.9810
vn -0.2764 -0.4787 -0.8333
vn 0.5238 0.8288 -0.1971
vn 0.5264 0.7604 -0.3804
vn 0.5089 0.6630 -0.5490
vn 0.4720 0.5405 -0.6965
vn 0.4172 0.3974 -0.8173
vn 0.3465 0.2394 -0.9070
vn 0.2627 0.0723 -0.9622
vn 0.1690 -0.0975 -0.9808
vn 0.0688 -0.2636 -0.9622
vn -0.0340 -0.4198 -0.9070
vn -0.1356 -0.5600 -0.8173
vn -0.2321 -0.6790 -0.6965
vn -0.3197 -0.7722 -0.5490
vn -0.3953 -0.8361 -0.3804
vn -0.4558 -0.8680 -0.1971
vn 0.5564 0.8099 -0.1857
vn 0.5894 0.7240 -0.3584
vn 0.5998 0.6105 -0.5172
vn 0.5874 0.4739 -0.6561
vn 0.5526 0.3193 -0.7699
vn 0.4967 0.1526 -0.8544
vn 0.4221 -0.0198 -0.9063
vn 0.3314 -0.1913 -0.9239
vn 0.2282 -0.3557 -0.9063
vn 0.1162 -0.5065 -0.8544
vn -0.0002 -0.6382 -0.7699
vn -0.1167 -0.7456 -0.6561
vn -0.2288 -0.8247 -0.5172
vn -0.3323 -0.8724 -0.3584
vn -0.4232 -0.8868 -0.1857
vn 0.5865 0.7925 -0.1671
vn 0.6475 0.6905 -0.3225
vn 0.6837 0.5621 -0.4654
vn 0.6937 0.4125 -0.5905
vn 0.6773 0.2472 -0.6929
vn 0.6352 0.0727 -0.7689
vn 0.5690 -0.1046 -0.8157
vn 0.4811 -0.2778 -0.8315
vn 0.3750 -0.4405 -0.8157
vn 0.2547 -0.5864 -0.7689
vn 0.1246 -0.7102 -0.6929
vn -0.0104 -0.8070 -0.5905
vn -0.1450 -0.8731 -0.4654
vn -0.2742 -0.9060 -0.3225
vn -0.3931 -0.9042 -0.1671
vn 0.6129 0.7773 -0.1421
vn 0.6984 0.6611 -0.2743
vn 0.7571 0.5197 -0.3958
vn 0.7869 0.3587 -0.5021
vn 0.7867 0.1841 -0.5893
vn 0.7566 0.0026 -0.6539
vn 0.6977 -0.1789 -0.6937
vn 0.6124 -0.3536 -0.7071
vn 0.5038 -0.5148 -0.6937
vn 0.3760 -0.6565 -0.6539
vn 0.2339 -0.7733 -0.5893
vn 0.0828 -0.8608 -0.5021
vn -0.0715 -0.9155 -0.3958
vn -0.2233 -0.9354 -0.2743
vn -0.3667 -0.9194 -0.1421
vn 0.6345 0.7648 -0.1117
vn 0.7402 0.6370 -0.2155
vn 0.8174 0.4849 -0.3110
vn 0.8634 0.3145 -0.3945
vn 0.8764 0.1323 -0.4630
vn 0.8562 -0.0549 -0.5138
vn 0.8034 -0.2399 -0.5450
vn 0.7201 -0.4157 -0.5556
vn 0.6094 -0.5758 -0.5450
vn 0.4756 -0.7140 -0.5138
vn 0.3237 -0.8252 -0.4630
vn 0.1593 -0.9050 -0.3945
vn -0.0112 -0.9503 -0.3110
vn -0.1815 -0.9595 -0.2155
vn -0.3451 -0.9319 -0.1117
vn 0.5000 0.8660 -0.0000
vn 0.6506 0.7555 -0.0769
vn 0.7712 0.6190 -0.1484
vn 0.8622 0.4590 -0.2142
vn 0.9202 0.2817 -0.2718
vn 0.9431 0.0938 -0.3189
vn 0.9302 -0.0976 -0.3539
vn 0.8819 -0.2852 -0.3754
vn 0.8001 -0.4619 -0.3827
vn 0.6879 -0.6211 -0.3754
vn 0.5496 -0.7567 -0.3539
vn 0.3904 -0.8637 -0.3189
vn 0.2162 -0.9378 -0.2718
vn 0.0336 -0.9762 -0.2142
vn -0.1505 -0.9774 -0.1484
vn -0.3290 -0.9412 -0.0769
vn 0.6605 0.7498 -0.0392
vn 0.7903 0.6080 -0.0757
vn 0.8898 0.4431 -0.1092
vn 0.9552 0.2615 -0.1385
vn 0.9842 0.0700 -0.1626
vn 0.9758 -0.1239 -0.1804
vn 0.9302 -0.3131 -0.1914
vn 0.8494 -0.4904 -0.1951
vn 0.7363 -0.6490 -0.1914
vn 0.5952 -0.7831 -0.1804
vn 0.4314 -0.8874 -0.1626
vn 0.2512 -0.9580 -0.1385
vn 0.0611 -0.9921 -0.1092
vn -0.1314 -0.9884 -0.0757
vn -0.3191 -0.9469 -0.0392
vn 0.6638 0.7479 -0.0000
vn 0.7968 0.6043 -0.0000
vn 0.8991 0.4377 -0.0000
vn 0.9670 0.2547 -0.0000
vn 0.9981 0.0620 -0.0000
vn 0.9911 -0.1328 -0.0000
vn 0.9465 -0.3226 -0.0000
vn 0.8660 -0.5000 -0.0000
vn 0.7526 -0.6585 -0.0000
vn 0.6106 -0.7919 -0.0000
vn 0.4453 -0.8954 -0.0000
vn 0.2630 -0.9648 -0.0000
vn 0.0705 -0.9975 -0.0000
vn -0.1249 -0.9922 -0.0000
vn -0.3158 -0.9488 -0.0000
vn 0.6605 0.7498 0.0392
vn 0.7903 0.6080 0.0757
vn 0.8898 0.4431 0.1092
vn 0.9552 0.2615 0.1385
vn 0.9842 0.0700 0.1626
vn 0.9758 -0.1239 0.1804
vn 0.9302 -0.3131 0.1914
vn 0.8494 -0.4904 0.1951
vn 0.7363 -0.6490 0.1914
vn 0.5952 -0.7831 0.1804
vn 0.4314 -0.8874 0.1626
vn 0.2512 -0.9580 0.1385
vn 0.0611 -0.9921 0.1092
vn -0.1314 -0.9884 0.0757
vn -0.3191 -0.9469 0.0392
vn 0.6506 0.7555 0.0769
vn 0.7712 0.6190 0.1484
vn 0.8622 0.4590 0.2142
vn 0.9202 0.2817 0.2718
vn 0.9431 0.0938 0.3189
vn 0.9302 -0.0976 0.3539
vn 0.8819 -0.2852 0.3754
vn 0.8001 -0.4619 0.3827
vn 0.6879 -0.6211 0.3754
vn 0.5496 -0.7567 0.3539
vn 0.3904 -0.8637 0.3189
vn 0.2162 -0.9378 0.2718
vn 0.0336 -0.9762 0.2142
vn -0.1505 -0.9774 0.1484
vn -0.3290 -0.9412 0.0769
vn 0.6345 0.7648 0.1117
vn 0.7402 0.6370 0.2155
vn 0.8174 0.4849 0.3110
vn 0.8634 0.3145 0.3945
vn 0.8764 0.1323 0.4630
vn 0.8562 -0.0549 0.5138
vn 0.8034 -0.2399 0.5450
vn 0.7201 -0.4157 0.5556
vn 0.6094 -0.5758 0.5450
vn 0.4756 -0.7140 0.5138
vn 0.3237 -0.8252 0.4630
vn 0.1593 -0.9050 0.3945
vn -0.0112 -0.9503 0.3110
vn -0.1815 -0.9595 0.2155
vn -0.3451 -0.9319 0.1117
vn 0.6129 0.7773 0.1421
vn 0.6984 0.6611 0.2743
vn 0.7571 0.5197 0.3958
vn 0.7869 0.3587 0.5021
vn 0.7867 0.1841 0.5893
vn 0.7566 0.0026 0.6539
vn 0.6977 -0.1789 0.6937
vn 0.6124 -0.3536 0.7071
vn 0.5038 -0.5148 0.6937
vn 0.3760 -0.6565 0.6539
vn 0.2339 -0.7733 0.5893
vn 0.0828 -0.8608 0.5021
vn -0.0715 -0.9155 0.3958
vn -0.2233 -0.9354 0.2743
vn -0.3667 -0.9194 0.1421
vn 0.5865 0.7925 0.1671
vn 0.6475 0.6905 0.3225
vn 0.6837 0.5621 0.4654
vn 0.6937 0.4125 0.5905
vn 0.6773 0.2472 0.6929
vn 0.6352 0.0727 0.7689
vn 0.5690 -0.1046 0.8157
vn 0.4811 -0.2778 0.8315
vn 0.3750 -0.4405 0.8157
vn 0.2547 -0.5864 0.7689
vn 0.1246 -0.7102 0.6929
vn -0.0104 -0.8070 0.5905
vn -0.1450 -0.8731 0.4654
vn -0.2742 -0.9060 0.3225
vn -0.3931 -0.9042 0.1671
vn 0.5564 0.8099 0.1857
vn 0.5894 0.7240 0.3584
vn 0.5998 0.6105 0.5172
vn 0.5874 0.4739 0.6561
vn 0.5526 0.3193 0.7699
vn 0.4967 0.1526 0.8544
vn 0.4221 -0.0198 0.9063
vn 0.3314 -0.1913 0.9239
vn 0.2282 -0.3557 0.9063
vn 0.1162 -0.5065 0.8544
vn -0.0002 -0.6382 0.7699
vn -0.1167 -0.7456 0.6561
vn -0.2288 -0.8247 0.5172
vn -0.3323 -0.8724 0.3584
vn -0.4232 -0.8868 0.1857
vn 0.5238 0.8288 0.1971
vn 0.5264 0.7604 0.3804
vn 0.5089 0.6630 0.5490
vn 0.4720 0.5405 0.6965
vn 0.4172 0.3974 0.8173
vn 0.3465 0.2394 0.9070
vn 0.2627 0.0723 0.9622
vn 0.1690 -0.0975 0.9808
vn 0.0688 -0.2636 0.9622
vn -0.0340 -0.4198 0.9070
vn -0.1356 -0.5600 0.8173
vn -0.2321 -0.6790 0.6965
vn -0.3197 -0.7722 0.5490
vn -0.3953 -0.8361 0.3804
vn -0.4558 -0.8680 0.1971
vn 0.4898 0.8484 0.2010
vn 0.4609 0.7982 0.3879
vn 0.4143 0.7176 0.5598
vn 0.3520 0.6097 0.7101
vn 0.2764 0.4787 0.8333
vn 0.1903 0.3296 0.9248
vn 0.0970 0.1679 0.9810
vn -0.0000 -0.0000 1.0000
vn -0.0970 -0.1679 0.9810
vn -0.1903 -0.3296 0.9248
vn -0.2764 -0.4787 0.8333
vn -0.3520 -0.6097 0.7101
vn -0.4143 -0.7176 0.5598
vn -0.4609 -0.7982 0.3879
vn -0.4898 -0.8484 0.2010
vn 0.4558 0.8680 0.1971
vn 0.3953 0.8361 0.3804
vn 0.3197 0.7722 0.5490
vn 0.2321 0.6790 0.6965
vn 0.1356 0.5600 0.8173
vn 0.0340 0.4198 0.9070
vn -0.0688 0.2636 0.9622
vn -0.1690 0.0975 0.9808
vn -0.2627 -0.0723 0.9622
vn -0.3465 -0.2394 0.9070
vn -0.4172 -0.3974 0.8173
vn -0.4720 -0.5405 0.6965
vn -0.5089 -0.6630 0.5490
vn -0.5264 -0.7604 0.3804
vn -0.5238 -0.8288 0.1971
vn 0.4232 0.8868 0.1857
vn 0.3323 0.8724 0.3584
vn 0.2288 0.8247 0.5172
vn 0.1167 0.7456 0.6561
vn 0.0002 0.6382 0.7699
vn -0.1162 0.5065 0.8544
vn -0.2282 0.3557 0.9063
vn -0.3314 0.1913 0.9239
vn -0.4221 0.0198 0.9063
vn -0.4967 -0.1526 0.8544
vn -0.5526 -0.3193 0.7699
vn -0.5874 -0.4739 0.6561
vn -0.5998 -0.6105 0.5172
vn -0.5894 -0.7240 0.3584
vn -0.5564 -0.8099 0.1857
vn 0.3931 0.9042 0.1671
vn 0.2742 0.9060 0.3225
vn 0.1450 0.8731 0.4654
vn 0.0104 0.8070 0.5905
vn -0.1246 0.7102 0.6929
vn -0.2547 0.5864 0.7689
vn -0.3750 0.4405 0.8157
vn -0.4811 0.2778 0.8315
vn -0.5690 0.1046 0.8157
vn -0.6352 -0.0727 0.7689
vn -0.6773 -0.2472 0.6929
vn -0.6937 -0.4125 0.5905
vn -0.6837 -0.5621 0.4654
vn -0.6475 -0.6905 0.3225
vn -0.5865 -0.7925 0.1671
vn 0.3667 0.9194 0.1421
vn 0.2233 0.9354 0.2743
vn 0.0715 0.9155 0.3958
vn -0.0828 0.8608 0.5021
vn -0.2339 0.7733 0.5893
vn -0.3760 0.6565 0.6539
vn -0.5038 0.5148 0.6937
vn -0.6124 0.3536 0.7071
vn -0.6977 0.1789 0.6937
vn -0.7566 -0.0026 0.6539
vn -0.7867 -0.1841 0.5893
vn -0.7869 -0.3587 0.5021
vn -0.7571 -0.5197 0.3958
vn -0.6984 -0.6611 0.2743
vn -0.6129 -0.7773 0.1421
vn -0.5000 -0.8660 -0.0000
vn 0.3451 0.9319 0.1117
vn 0.1815 0.9595 0.2155
vn 0.0112 0.9503 0.3110
vn -0.1593 0.9050 0.3945
vn -0.3237 0.8252 0.4630
vn -0.4756 0.7140 0.5138
vn -0.6094 0.5758 0.5450
vn -0.7201 0.4157 0.5556
vn -0.8034 0.2399 0.5450
vn -0.8562 0.0549 0.5138
vn -0.8764 -0.1323 0.4630
vn -0.8634 -0.3145 0.3945
vn -0.8174 -0.4849 0.3110
vn -0.7402 -0.6370 0.2155
vn -0.6345 -0.7648 0.1117
vn 0.3290 0.9412 0.0769
vn 0.1505 0.9774 0.1484
vn -0.0336 0.9762 0.2142
vn -0.2162 0.9378 0.2718
vn -0.3904 0.8637 0.3189
vn -0.5496 0.7567 0.3539
vn -0.6879 0.6211 0.3754
vn -0.8001 0.4619 0.3827
vn -0.8819 0.2852 0.3754
vn -0.9302 0.0976 0.3539
vn -0.9431 -0.0938 0.3189
vn -0.9202 -0.2817 0.2718
vn -0.8622 -0.4590 0.2142
vn -0.7712 -0.6190 0.1484
vn -0.6506 -0.7555 0.0769
vn 0.3191 0.9469 0.0392
vn 0.1314 0.9884 0.0757
vn -0.0611 0.9921 0.1092
vn -0.2512 0.9580 0.1385
vn -0.4314 0.8874 0.1626
vn -0.5952 0.7831 0.1804
vn -0.7363 0.6490 0.1914
vn -0.8494 0.4904 0.1951
vn -0.9302 0.3131 0.1914
vn -0.9758 0.1239 0.1804
vn -0.9842 -0.0700 0.1626
vn -0.9552 -0.2615 0.1385
vn -0.8898 -0.4431 0.1092
vn -0.7903 -0.6080 0.0757
vn -0.6605 -0.7498 0.0392
vn 0.3158 0.9488 -0.0000
vn 0.1249 0.9922 -0.0000
vn -0.0705 0.9975 -0.0000
vn -0.2630 0.9648 -0.0000
vn -0.4453 0.8954 -0.0000
vn -0.6106 0.7919 -0.0000
vn -0.7526 0.6585 -0.0000
vn -0.8660 0.5000 -0.0000
vn -0.9465 0.3226 -0.0000
vn -0.9911 0.1328 -0.0000
vn -0.9981 -0.0620 -0.0000
vn -0.9670 -0.2547 -0.0000
vn -0.8991 -0.4377 -0.0000
vn -0.7968 -0.6043 -0.0000
vn -0.6638 -0.7479 -0.0000
vn 0.3191 0.9469 -0.0392
vn 0.1314 0.9884 -0.0757
vn -0.0611 0.9921 -0.1092
vn -0.2512 0.9580 -0.1385
vn -0.4314 0.8874 -0.1626
vn -0.5952 0.7831 -0.1804
vn -0.7363 0.6490 -0.1914
vn -0.8494 0.4904 -0.1951
vn -0.9302 0.3131 -0.1914
vn -0.9758 0.1239 -0.1804
vn -0.9842 -0.0700 -0.1626
vn -0.9552 -0.2615 -0.1385
vn -0.8898 -0.4431 -0.1092
vn -0.7903 -0.6080 -0.0757
vn -0.6605 -0.7498 -0.0392
vn 0.3290 0.9412 -0.0769
vn 0.1505 0.9774 -0.1484
vn -0.0336 0.9762 -0.2142
vn -0.2162 0.9378 -0.2718
vn -0.3904 0.8637 -0.3189
vn -0.5496 0.7567 -0.3539
vn -0.6879 0.6211 -0.3754
vn -0.8001 0.4619 -0.3827
vn -0.8819 0.2852 -0.3754
vn -0.9302 0.0976 -0.3539
vn -0.9431 -0.0938 -0.3189
vn -0.9202 -0.2817 -0.2718
vn -0.8622 -0.4590 -0.2142
vn -0.7712 -0.6190 -0.1484
vn -0.6506 -0.7555 -0.0769
vn 0.3451 0.9319 -0.1117
vn 0.1815 0.9595 -0.2155
vn 0.0112 0.9503 -0.3110
vn -0.1593 0.9050 -0.3945
vn -0.3237 0.8252 -0.4630
vn -0.4756 0.7140 -0.5138
vn -0.6094 0.5758 -0.5450
vn -0.7201 0.4157 -0.5556
vn -0.8034 0.2399 -0.5450
vn -0.8562 0.0549 -0.5138
vn -0.8764 -0.1323 -0.4630
vn -0.8634 -0.3145 -0.3945
vn -0.8174 -0.4849 -0.3110
vn -0.7402 -0.6370 -0.2155
vn -0.6345 -0.7648 -0.1117
vn 0.3667 0.9194 -0.1421
vn 0.2233 0.9354 -0.2743
vn 0.0715 0.9155 -0.3958
vn -0.0828 0.8608 -0.5021
vn -0.2339 0.7733 -0.5893
vn -0.3760 0.6565 -0.6539
vn -0.5038 0.5148 -0.6937
vn -0.6124 0.3536 -0.7071
vn -0.6977 0.1789 -0.6937
vn -0.7566 -0.0026 -0.6539
vn -0.7867 -0.1841 -0.5893
vn -0.7869 -0.3587 -0.5021
vn -0.7571 -0.5197 -0.3958
vn -0.6984 -0.6611 -0.2743
vn -0.6129 -0.7773 -0.1421
vn 0.3931 0.9042 -0.1671
vn 0.2742 0.9060 -0.3225
vn 0.1450 0.8731 -0.4654
vn 0.0104 0.8070 -0.5905
vn -0.1246 0.7102 -0.6929
vn -0.2547 0.5864 -0.7689
vn -0.3750 0.4405 -0.8157
vn -0.4811 0.2778 -0.8315
vn -0.5690 0.1046 -0.8157
vn -0.6352 -0.0727 -0.7689
vn -0.6773 -0.2472 -0.6929
vn -0.6937 -0.4125 -0.5905
vn -0.6837 -0.5621 -0.4654
vn -0.6475 -0.6905 -0.3225
vn -0.5865 -0.7925 -0.1671
vn 0.4232 0.8868 -0.1857
vn 0.3323 0.8724 -0.3584
vn 0.2288 0.8247 -0.5172
vn 0.1167 0.7456 -0.6561
vn 0.0002 0.6382 -0.7699
vn -0.1162 0.5065 -0.8544
vn -0.2282 0.3557 -0.9063
vn -0.3314 0.1913 -0.9239
vn -0.4221 0.0198 -0.9063
vn -0.4967 -0.1526 -0.8544
vn -0.5526 -0.3193 -0.7699
vn -0.5874 -0.4739 -0.6561
vn -0.5998 -0.6105 -0.5172
vn -0.5894 -0.7240 -0.3584
vn -0.5564 -0.8099 -0.1857
vn 0.4558 0.8680 -0.1971
vn 0.3953 0.8361 -0.3804
vn 0.3197 0.7722 -0.5490
vn 0.2320 0.6790 -0.6965
vn 0.1356 0.5600 -0.8173
vn 0.0340 0.4198 -0.9070
vn -0.0688 0.2636 -0.9622
vn -0.1690 0.0975 -0.9808
vn -0.2627 -0.0723 -0.9622
vn -0.3465 -0.2393 -0.9070
vn -0.4172 -0.3974 -0.8173
vn -0.4720 -0.5405 -0.6965
vn -0.5089 -0.6630 -0.5490
vn -0.5264 -0.7604 -0.3804
vn -0.5238 -0.8288 -0.1971
vn 0.4898 0.8484 -0.2010
vn 0.4609 0.7982 -0.3879
vn 0.3520 0.6097 -0.7101
vn 0.1903 0.3296 -0.9248
vn -0.1903 -0.3296 -0.9248
vn -0.3520 -0.6097 -0.7101
vn -0.4143 -0.7176 -0.5598
vn -0.4609 -0.7982 -0.3879
vn -0.4898 -0.8484 -0.2010
vt 0.750000 0.250000
vt 0.750000 0.312500
vt 0.718750 0.312500
vt 0.718750 0.250000
vt 0.750000 0.687500
vt 0.750000 0.750000
vt 0.718750 0.750000
vt 0.718750 0.687500
vt 0.750000 0.187500
vt 0.718750 0.187500
vt 0.750000 0.625000
vt 0.718750 0.625000
vt 0.750000 0.125000
vt 0.718750 0.125000
vt 0.750000 0.562500
vt 0.718750 0.562500
vt 0.750000 0.062500
vt 0.718750 0.062500
vt 0.750000 0.500000
vt 0.718750 0.500000
vt 0.750000 0.937500
vt 0.734375 1.000000
vt 0.718750 0.937500
vt 0.734375 0.000000
vt 0.750000 0.437500
vt 0.718750 0.437500
vt 0.750000 0.875000
vt 0.718750 0.875000
vt 0.750000 0.375000
vt 0.718750 0.375000
vt 0.750000 0.812500
vt 0.718750 0.812500
vt 0.687500 0.875000
vt 0.687500 0.812500
vt 0.687500 0.375000
vt 0.687500 0.312500
vt 0.687500 0.750000
vt 0.687500 0.250000
vt 0.687500 0.687500
vt 0.687500 0.187500
vt 0.687500 0.625000
vt 0.687500 0.125000
vt 0.687500 0.562500
vt 0.687500 0.062500
vt 0.687500 0.500000
vt 0.703125 1.000000
vt 0.687500 0.937500
vt 0.703125 0.000000
vt 0.687500 0.437500
vt 0.656250 0.625000
vt 0.656250 0.562500
vt 0.656250 0.125000
vt 0.656250 0.062500
vt 0.656250 0.500000
vt 0.671875 1.000000
vt 0.656250 0.937500
vt 0.671875 0.000000
vt 0.656250 0.437500
vt 0.656250 0.875000
vt 0.656250 0.375000
vt 0.656250 0.812500
vt 0.656250 0.312500
vt 0.656250 0.750000
vt 0.656250 0.250000
vt 0.656250 0.687500
vt 0.656250 0.187500
vt 0.625000 0.375000
vt 0.625000 0.312500
vt 0.625000 0.812500
vt 0.625000 0.750000
vt 0.625000 0.250000
vt 0.625000 0.687500
vt 0.625000 0.187500
vt 0.625000 0.625000
vt 0.625000 0.125000
vt 0.625000 0.562500
vt 0.625000 0.062500
vt 0.625000 0.500000
vt 0.640625 1.000000
vt 0.625000 0.937500
vt 0.640625 0.000000
vt 0.625000 0.437500
vt 0.625000 0.875000
vt 0.593750 0.125000
vt 0.593750 0.062500
vt 0.593750 0.562500
vt 0.593750 0.500000
vt 0.609375 1.000000
vt 0.593750 0.937500
vt 0.609375 0.000000
vt 0.593750 0.437500
vt 0.593750 0.875000
vt 0.593750 0.375000
vt 0.593750 0.812500
vt 0.593750 0.312500
vt 0.593750 0.750000
vt 0.593750 0.250000
vt 0.593750 0.687500
vt 0.593750 0.187500
vt 0.593750 0.625000
vt 0.562500 0.312500
vt 0.562500 0.250000
vt 0.562500 0.750000
vt 0.562500 0.687500
vt 0.562500 0.187500
vt 0.562500 0.625000
vt 0.562500 0.125000
vt 0.562500 0.562500
vt 0.562500 0.062500
vt 0.562500 0.500000
vt 0.578125 1.000000
vt 0.562500 0.937500
vt 0.578125 0.000000
vt 0.562500 0.437500
vt 0.562500 0.875000
vt 0.562500 0.375000
vt 0.562500 0.812500
vt 0.546875 1.000000
vt 0.531250 0.937500
vt 0.546875 0.000000
vt 0.531250 0.062500
vt 0.531250 0.500000
vt 0.531250 0.437500
vt 0.531250 0.875000
vt 0.531250 0.375000
vt 0.531250 0.812500
vt 0.531250 0.312500
vt 0.531250 0.750000
vt 0.531250 0.250000
vt 0.531250 0.687500
vt 0.531250 0.187500
vt 0.531250 0.625000
vt 0.531250 0.125000
vt 0.531250 0.562500
vt 0.500000 0.750000
vt 0.500000 0.687500
vt 0.500000 0.250000
vt 0.500000 0.187500
vt 0.500000 0.625000
vt 0.500000 0.125000
vt 0.500000 0.562500
vt 0.500000 0.062500
vt 0.500000 0.500000
vt 0.515625 1.000000
vt 0.500000 0.937500
vt 0.515625 0.000000
vt 0.500000 0.437500
vt 0.500000 0.875000
vt 0.500000 0.375000
vt 0.500000 0.812500
vt 0.500000 0.312500
vt 0.468750 0.500000
vt 0.468750 0.437500
vt 0.468750 0.937500
vt 0.468750 0.875000
vt 0.468750 0.375000
vt 0.468750 0.812500
vt 0.468750 0.312500
vt 0.468750 0.750000
vt 0.468750 0.250000
vt 0.468750 0.687500
vt 0.468750 0.187500
vt 0.468750 0.625000
vt 0.468750 0.125000
vt 0.468750 0.562500
vt 0.468750 0.062500
vt 0.484375 1.000000
vt 0.484375 0.000000
vt 0.437500 0.250000
vt 0.437500 0.187500
vt 0.437500 0.687500
vt 0.437500 0.625000
vt 0.437500 0.125000
vt 0.437500 0.562500
vt 0.437500 0.062500
vt 0.437500 0.500000
vt 0.453125 1.000000
vt 0.437500 0.937500
vt 0.453125 0.000000
vt 0.437500 0.437500
vt 0.437500 0.875000
vt 0.437500 0.375000
vt 0.437500 0.812500
vt 0.437500 0.312500
vt 0.437500 0.750000
vt 0.406250 0.937500
vt 0.406250 0.875000
vt 0.406250 0.437500
vt 0.406250 0.375000
vt 0.406250 0.812500
vt 0.406250 0.312500
vt 0.406250 0.750000
vt 0.406250 0.250000
vt 0.406250 0.687500
vt 0.406250 0.187500
vt 0.406250 0.625000
vt 0.406250 0.125000
vt 0.406250 0.562500
vt 0.406250 0.062500
vt 0.406250 0.500000
vt 0.421875 1.000000
vt 0.421875 0.000000
vt 0.375000 0.687500
vt 0.375000 0.625000
vt 0.375000 0.187500
vt 0.375000 0.125000
vt 0.375000 0.562500
vt 0.375000 0.062500
vt 0.375000 0.500000
vt 0.390625 1.000000
vt 0.375000 0.937500
vt 0.390625 0.000000
vt 0.375000 0.437500
vt 0.375000 0.875000
vt 0.375000 0.375000
vt 0.375000 0.812500
vt 0.375000 0.312500
vt 0.375000 0.750000
vt 0.375000 0.250000
vt 0.343750 0.437500
vt 0.343750 0.375000
vt 0.343750 0.875000
vt 0.343750 0.812500
vt 0.343750 0.312500
vt 0.343750 0.750000
vt 0.343750 0.250000
vt 0.343750 0.687500
vt 0.343750 0.187500
vt 0.343750 0.625000
vt 0.343750 0.125000
vt 0.343750 0.562500
vt 0.343750 0.062500
vt 0.343750 0.500000
vt 0.359375 1.000000
vt 0.343750 0.937500
vt 0.359375 0.000000
vt 0.312500 0.187500
vt 0.312500 0.125000
vt 0.312500 0.625000
vt 0.312500 0.562500
vt 0.312500 0.062500
vt 0.312500 0.500000
vt 0.328125 1.000000
vt 0.312500 0.937500
vt 0.328125 0.000000
vt 0.312500 0.437500
vt 0.312500 0.875000
vt 0.312500 0.375000
vt 0.312500 0.812500
vt 0.312500 0.312500
vt 0.312500 0.750000
vt 0.312500 0.250000
vt 0.312500 0.687500
vt 0.281250 0.375000
vt 0.281250 0.312500
vt 0.281250 0.812500
vt 0.281250 0.750000
vt 0.281250 0.250000
vt 0.281250 0.687500
vt 0.281250 0.187500
vt 0.281250 0.625000
vt 0.281250 0.125000
vt 0.281250 0.562500
vt 0.281250 0.062500
vt 0.281250 0.500000
vt 0.296875 1.000000
vt 0.281250 0.937500
vt 0.296875 0.000000
vt 0.281250 0.437500
vt 0.281250 0.875000
vt 0.250000 0.125000
vt 0.250000 0.062500
vt 0.250000 0.562500
vt 0.250000 0.500000
vt 0.265625 1.000000
vt 0.250000 0.937500
vt 0.265625 0.000000
vt 0.250000 0.437500
vt 0.250000 0.875000
vt 0.250000 0.375000
vt 0.250000 0.812500
vt 0.250000 0.312500
vt 0.250000 0.750000
vt 0.250000 0.250000
vt 0.250000 0.687500
vt 0.250000 0.187500
vt 0.250000 0.625000
vt 0.218750 0.812500
vt 0.218750 0.750000
vt 0.218750 0.312500
vt 0.218750 0.250000
vt 0.218750 0.687500
vt 0.218750 0.187500
vt 0.218750 0.625000
vt 0.218750 0.125000
vt 0.218750 0.562500
vt 0.218750 0.062500
vt 0.218750 0.500000
vt 0.234375 1.000000
vt 0.218750 0.937500
vt 0.234375 0.000000
vt 0.218750 0.437500
vt 0.218750 0.875000
vt 0.218750 0.375000
vt 0.187500 0.562500
vt 0.187500 0.500000
vt 0.203125 1.000000
vt 0.187500 0.937500
vt 0.203125 0.000000
vt 0.187500 0.062500
vt 0.187500 0.437500
vt 0.187500 0.875000
vt 0.187500 0.375000
vt 0.187500 0.812500
vt 0.187500 0.312500
vt 0.187500 0.750000
vt 0.187500 0.250000
vt 0.187500 0.687500
vt 0.187500 0.187500
vt 0.187500 0.625000
vt 0.187500 0.125000
vt 0.156250 0.312500
vt 0.156250 0.250000
vt 0.156250 0.750000
vt 0.156250 0.687500
vt 0.156250 0.187500
vt 0.156250 0.625000
vt 0.156250 0.125000
vt 0.156250 0.562500
vt 0.156250 0.062500
vt 0.156250 0.500000
vt 0.171875 1.000000
vt 0.156250 0.937500
vt 0.171875 0.000000
vt 0.156250 0.437500
vt 0.156250 0.875000
vt 0.156250 0.375000
vt 0.156250 0.812500
vt 0.140625 1.000000
vt 0.125000 0.937500
vt 0.140625 0.000000
vt 0.125000 0.062500
vt 0.125000 0.500000
vt 0.125000 0.437500
vt 0.125000 0.875000
vt 0.125000 0.375000
vt 0.125000 0.812500
vt 0.125000 0.312500
vt 0.125000 0.750000
vt 0.125000 0.250000
vt 0.125000 0.687500
vt 0.125000 0.187500
vt 0.125000 0.625000
vt 0.125000 0.125000
vt 0.125000 0.562500
vt 0.093750 0.750000
vt 0.093750 0.687500
vt 0.093750 0.250000
vt 0.093750 0.187500
vt 0.093750 0.625000
vt 0.093750 0.125000
vt 0.093750 0.562500
vt 0.093750 0.062500
vt 0.093750 0.500000
vt 0.109375 1.000000
vt 0.093750 0.937500
vt 0.109375 0.000000
vt 0.093750 0.437500
vt 0.093750 0.875000
vt 0.093750 0.375000
vt 0.093750 0.812500
vt 0.093750 0.312500
vt 0.062500 0.500000
vt 0.062500 0.437500
vt 0.062500 0.937500
vt 0.062500 0.875000
vt 0.062500 0.375000
vt 0.062500 0.812500
vt 0.062500 0.312500
vt 0.062500 0.750000
vt 0.062500 0.250000
vt 0.062500 0.687500
vt 0.062500 0.187500
vt 0.062500 0.625000
vt 0.062500 0.125000
vt 0.062500 0.562500
vt 0.062500 0.062500
vt 0.078125 1.000000
vt 0.078125 0.000000
vt 0.031250 0.250000
vt 0.031250 0.187500
vt 0.031250 0.687500
vt 0.031250 0.625000
vt 0.031250 0.125000
vt 0.031250 0.562500
vt 0.031250 0.062500
vt 0.031250 0.500000
vt 0.046875 1.000000
vt 0.031250 0.937500
vt 0.046875 0.000000
vt 0.031250 0.437500
vt 0.031250 0.875000
vt 0.031250 0.375000
vt 0.031250 0.812500
vt 0.031250 0.312500
vt 0.031250 0.750000
vt 0.000000 0.437500
vt 0.000000 0.375000
vt 0.000000 0.875000
vt 0.000000 0.812500
vt 0.000000 0.312500
vt 0.000000 0.750000
vt 0.000000 0.250000
vt 0.000000 0.687500
vt 0.000000 0.187500
vt 0.000000 0.625000
vt 0.000000 0.125000
vt 0.000000 0.562500
vt 0.000000 0.062500
vt 0.000000 0.500000
vt 0.015625 1.000000
vt 0.000000 0.937500
vt 0.015625 0.000000
vt 1.000000 0.125000
vt 1.000000 0.187500
vt 0.968750 0.187500
vt 0.968750 0.125000
vt 1.000000 0.562500
vt 1.000000 0.625000
vt 0.968750 0.625000
vt 0.968750 0.562500
vt 1.000000 0.062500
vt 0.968750 0.062500
vt 1.000000 0.500000
vt 0.968750 0.500000
vt 1.000000 0.937500
vt 0.984375 1.000000
vt 0.968750 0.937500
vt 0.984375 0.000000
vt 1.000000 0.437500
vt 0.968750 0.437500
vt 1.000000 0.875000
vt 0.968750 0.875000
vt 1.000000 0.375000
vt 0.968750 0.375000
vt 1.000000 0.812500
vt 0.968750 0.812500
vt 1.000000 0.312500
vt 0.968750 0.312500
vt 1.000000 0.750000
vt 0.968750 0.750000
vt 1.000000 0.250000
vt 0.968750 0.250000
vt 1.000000 0.687500
vt 0.968750 0.687500
vt 0.937500 0.875000
vt 0.937500 0.812500
vt 0.937500 0.375000
vt 0.937500 0.312500
vt 0.937500 0.750000
vt 0.937500 0.250000
vt 0.937500 0.687500
vt 0.937500 0.187500
vt 0.937500 0.625000
vt 0.937500 0.125000
vt 0.937500 0.562500
vt 0.937500 0.062500
vt 0.937500 0.500000
vt 0.953125 1.000000
vt 0.937500 0.937500
vt 0.953125 0.000000
vt 0.937500 0.437500
vt 0.906250 0.625000
vt 0.906250 0.562500
vt 0.906250 0.125000
vt 0.906250 0.062500
vt 0.906250 0.500000
vt 0.921875 1.000000
vt 0.906250 0.937500
vt 0.921875 0.000000
vt 0.906250 0.437500
vt 0.906250 0.875000
vt 0.906250 0.375000
vt 0.906250 0.812500
vt 0.906250 0.312500
vt 0.906250 0.750000
vt 0.906250 0.250000
vt 0.906250 0.687500
vt 0.906250 0.187500
vt 0.875000 0.375000
vt 0.875000 0.312500
vt 0.875000 0.812500
vt 0.875000 0.750000
vt 0.875000 0.250000
vt 0.875000 0.687500
vt 0.875000 0.187500
vt 0.875000 0.625000
vt 0.875000 0.125000
vt 0.875000 0.562500
vt 0.875000 0.062500
vt 0.875000 0.500000
vt 0.890625 1.000000
vt 0.875000 0.937500
vt 0.890625 0.000000
vt 0.875000 0.437500
vt 0.875000 0.875000
vt 0.843750 0.125000
vt 0.843750 0.062500
vt 0.843750 0.562500
vt 0.843750 0.500000
vt 0.859375 1.000000
vt 0.843750 0.937500
vt 0.859375 0.000000
vt 0.843750 0.437500
vt 0.843750 0.875000
vt 0.843750 0.375000
vt 0.843750 0.812500
vt 0.843750 0.312500
vt 0.843750 0.750000
vt 0.843750 0.250000
vt 0.843750 0.687500
vt 0.843750 0.187500
vt 0.843750 0.625000
vt 0.812500 0.812500
vt 0.812500 0.750000
vt 0.812500 0.312500
vt 0.812500 0.250000
vt 0.812500 0.687500
vt 0.812500 0.187500
vt 0.812500 0.625000
vt 0.812500 0.125000
vt 0.812500 0.562500
vt 0.812500 0.062500
vt 0.812500 0.500000
vt 0.828125 1.000000
vt 0.812500 0.937500
vt 0.828125 0.000000
vt 0.812500 0.437500
vt 0.812500 0.875000
vt 0.812500 0.375000
vt 0.781250 0.562500
vt 0.781250 0.500000
vt 0.796875 1.000000
vt 0.781250 0.937500
vt 0.796875 0.000000
vt 0.781250 0.062500
vt 0.781250 0.437500
vt 0.781250 0.875000
vt 0.781250 0.375000
vt 0.781250 0.812500
vt 0.781250 0.312500
vt 0.781250 0.750000
vt 0.781250 0.250000
vt 0.781250 0.687500
vt 0.781250 0.187500
vt 0.781250 0.625000
vt 0.781250 0.125000
vt 0.765625 1.000000
vt 0.765625 0.000000
s 1
usemtl Material.004
f 479/1/479 6/2/6 17/3/17 18/4/18
f 2/5/2 476/6/476 10/7/10 11/8/11
f 480/9/480 479/1/479 18/4/18 19/10/19
f 477/11/477 2/5/2 11/8/11 12/12/12
f 481/13/481 480/9/480 19/10/19 20/14/20
f 3/15/3 477/11/477 12/12/12 13/16/13
f 482/17/482 481/13/481 20/14/20 21/18/21
f 4/19/4 3/15/3 13/16/13 14/20/14
f 474/21/474 82/22/82 7/23/7
f 308/24/308 482/17/482 21/18/21
f 5/25/5 4/19/4 14/20/14 15/26/15
f 475/27/475 474/21/474 7/23/7 8/28/8
f 478/29/478 5/25/5 15/26/15 16/30/16
f 1/31/1 475/27/475 8/28/8 9/32/9
f 6/2/6 478/29/478 16/30/16 17/3/17
f 476/6/476 1/31/1 9/32/9 10/7/10
f 9/32/9 8/28/8 23/33/23 24/34/24
f 17/3/17 16/30/16 31/35/31 32/36/32
f 10/7/10 9/32/9 24/34/24 25/37/25
f 18/4/18 17/3/17 32/36/32 33/38/33
f 11/8/11 10/7/10 25/37/25 26/39/26
f 19/10/19 18/4/18 33/38/33 34/40/34
f 12/12/12 11/8/11 26/39/26 27/41/27
f 20/14/20 19/10/19 34/40/34 35/42/35
f 13/16/13 12/12/12 27/41/27 28/43/28
f 21/18/21 20/14/20 35/42/35 36/44/36
f 14/20/14 13/16/13 28/43/28 29/45/29
f 7/23/7 82/46/82 22/47/22
f 308/48/308 21/18/21 36/44/36
f 15/26/15 14/20/14 29/45/29 30/49/30
f 8/28/8 7/23/7 22/47/22 23/33/23
f 16/30/16 15/26/15 30/49/30 31/35/31
f 28/43/28 27/41/27 42/50/42 43/51/43
f 36/44/36 35/42/35 50/52/50 51/53/51
f 29/45/29 28/43/28 43/51/43 44/54/44
f 22/47/22 82/55/82 37/56/37
f 308/57/308 36/44/36 51/53/51
f 30/49/30 29/45/29 44/54/44 45/58/45
f 23/33/23 22/47/22 37/56/37 38/59/38
f 31/35/31 30/49/30 45/58/45 46/60/46
f 24/34/24 23/33/23 38/59/38 39/61/39
f 32/36/32 31/35/31 46/60/46 47/62/47
f 25/37/25 24/34/24 39/61/39 40/63/40
f 33/38/33 32/36/32 47/62/47 48/64/48
f 26/39/26 25/37/25 40/63/40 41/65/41
f 34/40/34 33/38/33 48/64/48 49/66/49
f 27/41/27 26/39/26 41/65/41 42/50/42
f 35/42/35 34/40/34 49/66/49 50/52/50
f 47/62/47 46/60/46 61/67/61 62/68/62
f 40/63/40 39/61/39 54/69/54 55/70/55
f 48/64/48 47/62/47 62/68/62 63/71/63
f 41/65/41 40/63/40 55/70/55 56/72/56
f 49/66/49 48/64/48 63/71/63 64/73/64
f 42/50/42 41/65/41 56/72/56 57/74/57
f 50/52/50 49/66/49 64/73/64 65/75/65
f 43/51/43 42/50/42 57/74/57 58/76/58
f 51/53/51 50/52/50 65/75/65 66/77/66
f 44/54/44 43/51/43 58/76/58 59/78/59
f 37/56/37 82/79/82 52/80/52
f 308/81/308 51/53/51 66/77/66
f 45/58/45 44/54/44 59/78/59 60/82/60
f 38/59/38 37/56/37 52/80/52 53/83/53
f 46/60/46 45/58/45 60/82/60 61/67/61
f 39/61/39 38/59/38 53/83/53 54/69/54
f 66/77/66 65/75/65 80/84/80 81/85/81
f 59/78/59 58/76/58 73/86/73 74/87/74
f 52/80/52 82/88/82 67/89/67
f 308/90/308 66/77/66 81/85/81
f 60/82/60 59/78/59 74/87/74 75/91/75
f 53/83/53 52/80/52 67/89/67 68/92/68
f 61/67/61 60/82/60 75/91/75 76/93/76
f 54/69/54 53/83/53 68/92/68 69/94/69
f 62/68/62 61/67/61 76/93/76 77/95/77
f 55/70/55 54/69/54 69/94/69 70/96/70
f 63/71/63 62/68/62 77/95/77 78/97/78
f 56/72/56 55/70/55 70/96/70 71/98/71
f 64/73/64 63/71/63 78/97/78 79/99/79
f 57/74/57 56/72/56 71/98/71 72/100/72
f 65/75/65 64/73/64 79/99/79 80/84/80
f 58/76/58 57/74/57 72/100/72 73/86/73
f 78/97/78 77/95/77 93/101/93 94/102/94
f 71/98/71 70/96/70 86/103/86 87/104/87
f 79/99/79 78/97/78 94/102/94 95/105/95
f 72/100/72 71/98/71 87/104/87 88/106/88
f 80/84/80 79/99/79 95/105/95 96/107/96
f 73/86/73 72/100/72 88/106/88 89/108/89
f 81/85/81 80/84/80 96/107/96 97/109/97
f 74/87/74 73/86/73 89/108/89 90/110/90
f 67/89/67 82/111/82 83/112/83
f 308/113/308 81/85/81 97/109/97
f 75/91/75 74/87/74 90/110/90 91/114/91
f 68/92/68 67/89/67 83/112/83 84/115/84
f 76/93/76 75/91/75 91/114/91 92/116/92
f 69/94/69 68/92/68 84/115/84 85/117/85
f 77/95/77 76/93/76 92/116/92 93/101/93
f 70/96/70 69/94/69 85/117/85 86/103/86
f 83/112/83 82/118/82 98/119/98
f 308/120/308 97/109/97 112/121/112
f 91/114/91 90/110/90 105/122/105 106/123/106
f 84/115/84 83/112/83 98/119/98 99/124/99
f 92/116/92 91/114/91 106/123/106 107/125/107
f 85/117/85 84/115/84 99/124/99 100/126/100
f 93/101/93 92/116/92 107/125/107 108/127/108
f 86/103/86 85/117/85 100/126/100 101/128/101
f 94/102/94 93/101/93 108/127/108 109/129/109
f 87/104/87 86/103/86 101/128/101 102/130/102
f 95/105/95 94/102/94 109/129/109 110/131/110
f 88/106/88 87/104/87 102/130/102 103/132/103
f 96/107/96 95/105/95 110/131/110 111/133/111
f 89/108/89 88/106/88 103/132/103 104/134/104
f 97/109/97 96/107/96 111/133/111 112/121/112
f 90/110/90 89/108/89 104/134/104 105/122/105
f 102/130/102 101/128/101 116/135/116 117/136/117
f 110/131/110 109/129/109 124/137/124 125/138/125
f 103/132/103 102/130/102 117/136/117 118/139/118
f 111/133/111 110/131/110 125/138/125 126/140/126
f 104/134/104 103/132/103 118/139/118 119/141/119
f 112/121/112 111/133/111 126/140/126 127/142/127
f 105/122/105 104/134/104 119/141/119 120/143/120
f 98/119/98 82/144/82 113/145/113
f 308/146/308 112/121/112 127/142/127
f 106/123/106 105/122/105 120/143/120 121/147/121
f 99/124/99 98/119/98 113/145/113 114/148/114
f 107/125/107 106/123/106 121/147/121 122/149/122
f 100/126/100 99/124/99 114/148/114 115/150/115
f 108/127/108 107/125/107 122/149/122 123/151/123
f 101/128/101 100/126/100 115/150/115 116/135/116
f 109/129/109 108/127/108 123/151/123 124/137/124
f 121/147/121 120/143/120 135/152/135 136/153/136
f 114/148/114 113/145/113 128/154/128 129/155/129
f 122/149/122 121/147/121 136/153/136 137/156/137
f 115/150/115 114/148/114 129/155/129 130/157/130
f 123/151/123 122/149/122 137/156/137 138/158/138
f 116/135/116 115/150/115 130/157/130 131/159/131
f 124/137/124 123/151/123 138/158/138 139/160/139
f 117/136/117 116/135/116 131/159/131 132/161/132
f 125/138/125 124/137/124 139/160/139 140/162/140
f 118/139/118 117/136/117 132/161/132 133/163/133
f 126/140/126 125/138/125 140/162/140 141/164/141
f 119/141/119 118/139/118 133/163/133 134/165/134
f 127/142/127 126/140/126 141/164/141 142/166/142
f 120/143/120 119/141/119 134/165/134 135/152/135
f 113/145/113 82/167/82 128/154/128
f 308/168/308 127/142/127 142/166/142
f 140/162/140 139/160/139 154/169/154 155/170/155
f 133/163/133 132/161/132 147/171/147 148/172/148
f 141/164/141 140/162/140 155/170/155 156/173/156
f 134/165/134 133/163/133 148/172/148 149/174/149
f 142/166/142 141/164/141 156/173/156 157/175/157
f 135/152/135 134/165/134 149/174/149 150/176/150
f 128/154/128 82/177/82 143/178/143
f 308/179/308 142/166/142 157/175/157
f 136/153/136 135/152/135 150/176/150 151/180/151
f 129/155/129 128/154/128 143/178/143 144/181/144
f 137/156/137 136/153/136 151/180/151 152/182/152
f 130/157/130 129/155/129 144/181/144 145/183/145
f 138/158/138 137/156/137 152/182/152 153/184/153
f 131/159/131 130/157/130 145/183/145 146/185/146
f 139/160/139 138/158/138 153/184/153 154/169/154
f 132/161/132 131/159/131 146/185/146 147/171/147
f 144/181/144 143/178/143 158/186/158 159/187/159
f 152/182/152 151/180/151 166/188/166 167/189/167
f 145/183/145 144/181/144 159/187/159 160/190/160
f 153/184/153 152/182/152 167/189/167 168/191/168
f 146/185/146 145/183/145 160/190/160 161/192/161
f 154/169/154 153/184/153 168/191/168 169/193/169
f 147/171/147 146/185/146 161/192/161 162/194/162
f 155/170/155 154/169/154 169/193/169 170/195/170
f 148/172/148 147/171/147 162/194/162 163/196/163
f 156/173/156 155/170/155 170/195/170 171/197/171
f 149/174/149 148/172/148 163/196/163 164/198/164
f 157/175/157 156/173/156 171/197/171 172/199/172
f 150/176/150 149/174/149 164/198/164 165/200/165
f 143/178/143 82/201/82 158/186/158
f 308/202/308 157/175/157 172/199/172
f 151/180/151 150/176/150 165/200/165 166/188/166
f 163/196/163 162/194/162 177/203/177 178/204/178
f 171/197/171 170/195/170 185/205/185 186/206/186
f 164/198/164 163/196/163 178/204/178 179/207/179
f 172/199/172 171/197/171 186/206/186 187/208/187
f 165/200/165 164/198/164 179/207/179 180/209/180
f 158/186/158 82/210/82 173/211/173
f 308/212/308 172/199/172 187/208/187
f 166/188/166 165/200/165 180/209/180 181/213/181
f 159/187/159 158/186/158 173/211/173 174/214/174
f 167/189/167 166/188/166 181/213/181 182/215/182
f 160/190/160 159/187/159 174/214/174 175/216/175
f 168/191/168 167/189/167 182/215/182 183/217/183
f 161/192/161 160/190/160 175/216/175 176/218/176
f 169/193/169 168/191/168 183/217/183 184/219/184
f 162/194/162 161/192/161 176/218/176 177/203/177
f 170/195/170 169/193/169 184/219/184 185/205/185
f 182/215/182 181/213/181 196/220/196 197/221/197
f 175/216/175 174/214/174 189/222/189 190/223/190
f 183/217/183 182/215/182 197/221/197 198/224/198
f 176/218/176 175/216/175 190/223/190 191/225/191
f 184/219/184 183/217/183 198/224/198 199/226/199
f 177/203/177 176/218/176 191/225/191 192/227/192
f 185/205/185 184/219/184 199/226/199 200/228/200
f 178/204/178 177/203/177 192/227/192 193/229/193
f 186/206/186 185/205/185 200/228/200 201/230/201
f 179/207/179 178/204/178 193/229/193 194/231/194
f 187/208/187 186/206/186 201/230/201 202/232/202
f 180/209/180 179/207/179 194/231/194 195/233/195
f 173/211/173 82/234/82 188/235/188
f 308/236/308 187/208/187 202/232/202
f 181/213/181 180/209/180 195/233/195 196/220/196
f 174/214/174 173/211/173 188/235/188 189/222/189
f 201/230/201 200/228/200 215/237/215 216/238/216
f 194/231/194 193/229/193 208/239/208 209/240/209
f 202/232/202 201/230/201 216/238/216 217/241/217
f 195/233/195 194/231/194 209/240/209 210/242/210
f 188/235/188 82/243/82 203/244/203
f 308/245/308 202/232/202 217/241/217
f 196/220/196 195/233/195 210/242/210 211/246/211
f 189/222/189 188/235/188 203/244/203 204/247/204
f 197/221/197 196/220/196 211/246/211 212/248/212
f 190/223/190 189/222/189 204/247/204 205/249/205
f 198/224/198 197/221/197 212/248/212 213/250/213
f 191/225/191 190/223/190 205/249/205 206/251/206
f 199/226/199 198/224/198 213/250/213 214/252/214
f 192/227/192 191/225/191 206/251/206 207/253/207
f 200/228/200 199/226/199 214/252/214 215/237/215
f 193/229/193 192/227/192 207/253/207 208/239/208
f 213/250/213 212/248/212 227/254/227 228/255/228
f 206/251/206 205/249/205 220/256/220 221/257/221
f 214/252/214 213/250/213 228/255/228 229/258/229
f 207/253/207 206/251/206 221/257/221 222/259/222
f 215/237/215 214/252/214 229/258/229 230/260/230
f 208/239/208 207/253/207 222/259/222 223/261/223
f 216/238/216 215/237/215 230/260/230 231/262/231
f 209/240/209 208/239/208 223/261/223 224/263/224
f 217/241/217 216/238/216 231/262/231 232/264/232
f 210/242/210 209/240/209 224/263/224 225/265/225
f 203/244/203 82/266/82 218/267/218
f 308/268/308 217/241/217 232/264/232
f 211/246/211 210/242/210 225/265/225 226/269/226
f 204/247/204 203/244/203 218/267/218 219/270/219
f 212/248/212 211/246/211 226/269/226 227/254/227
f 205/249/205 204/247/204 219/270/219 220/256/220
f 232/264/232 231/262/231 246/271/246 247/272/247
f 225/265/225 224/263/224 239/273/239 240/274/240
f 218/267/218 82/275/82 233/276/233
f 308/277/308 232/264/232 247/272/247
f 226/269/226 225/265/225 240/274/240 241/278/241
f 219/270/219 218/267/218 233/276/233 234/279/234
f 227/254/227 226/269/226 241/278/241 242/280/242
f 220/256/220 219/270/219 234/279/234 235/281/235
f 228/255/228 227/254/227 242/280/242 243/282/243
f 221/257/221 220/256/220 235/281/235 236/283/236
f 229/258/229 228/255/228 243/282/243 244/284/244
f 222/259/222 221/257/221 236/283/236 237/285/237
f 230/260/230 229/258/229 244/284/244 245/286/245
f 223/261/223 222/259/222 237/285/237 238/287/238
f 231/262/231 230/260/230 245/286/245 246/271/246
f 224/263/224 223/261/223 238/287/238 239/273/239
f 236/283/236 235/281/235 250/288/250 251/289/251
f 244/284/244 243/282/243 258/290/258 259/291/259
f 237/285/237 236/283/236 251/289/251 252/292/252
f 245/286/245 244/284/244 259/291/259 260/293/260
f 238/287/238 237/285/237 252/292/252 253/294/253
f 246/271/246 245/286/245 260/293/260 261/295/261
f 239/273/239 238/287/238 253/294/253 254/296/254
f 247/272/247 246/271/246 261/295/261 262/297/262
f 240/274/240 239/273/239 254/296/254 255/298/255
f 233/276/233 82/299/82 248/300/248
f 308/301/308 247/272/247 262/297/262
f 241/278/241 240/274/240 255/298/255 256/302/256
f 234/279/234 233/276/233 248/300/248 249/303/249
f 242/280/242 241/278/241 256/302/256 257/304/257
f 235/281/235 234/279/234 249/303/249 250/288/250
f 243/282/243 242/280/242 257/304/257 258/290/258
f 255/298/255 254/296/254 269/305/269 270/306/270
f 248/300/248 82/307/82 263/308/263
f 308/309/308 262/297/262 277/310/277
f 256/302/256 255/298/255 270/306/270 271/311/271
f 249/303/249 248/300/248 263/308/263 264/312/264
f 257/304/257 256/302/256 271/311/271 272/313/272
f 250/288/250 249/303/249 264/312/264 265/314/265
f 258/290/258 257/304/257 272/313/272 273/315/273
f 251/289/251 250/288/250 265/314/265 266/316/266
f 259/291/259 258/290/258 273/315/273 274/317/274
f 252/292/252 251/289/251 266/316/266 267/318/267
f 260/293/260 259/291/259 274/317/274 275/319/275
f 253/294/253 252/292/252 267/318/267 268/320/268
f 261/295/261 260/293/260 275/319/275 276/321/276
f 254/296/254 253/294/253 268/320/268 269/305/269
f 262/297/262 261/295/261 276/321/276 277/310/277
f 274/317/274 273/315/273 288/322/288 289/323/289
f 267/318/267 266/316/266 281/324/281 282/325/282
f 275/319/275 274/317/274 289/323/289 290/326/290
f 268/320/268 267/318/267 282/325/282 283/327/283
f 276/321/276 275/319/275 290/326/290 291/328/291
f 269/305/269 268/320/268 283/327/283 284/329/284
f 277/310/277 276/321/276 291/328/291 292/330/292
f 270/306/270 269/305/269 284/329/284 285/331/285
f 263/308/263 82/332/82 278/333/278
f 308/334/308 277/310/277 292/330/292
f 271/311/271 270/306/270 285/331/285 286/335/286
f 264/312/264 263/308/263 278/333/278 279/336/279
f 272/313/272 271/311/271 286/335/286 287/337/287
f 265/314/265 264/312/264 279/336/279 280/338/280
f 273/315/273 272/313/272 287/337/287 288/322/288
f 266/316/266 265/314/265 280/338/280 281/324/281
f 278/333/278 82/339/82 293/340/293
f 308/341/308 292/330/292 307/342/307
f 286/335/286 285/331/285 300/343/300 301/344/301
f 279/336/279 278/333/278 293/340/293 294/345/294
f 287/337/287 286/335/286 301/344/301 302/346/302
f 280/338/280 279/336/279 294/345/294 295/347/295
f 288/322/288 287/337/287 302/346/302 303/348/303
f 281/324/281 280/338/280 295/347/295 296/349/296
f 289/323/289 288/322/288 303/348/303 304/350/304
f 282/325/282 281/324/281 296/349/296 297/351/297
f 290/326/290 289/323/289 304/350/304 305/352/305
f 283/327/283 282/325/282 297/351/297 298/353/298
f 291/328/291 290/326/290 305/352/305 306/354/306
f 284/329/284 283/327/283 298/353/298 299/355/299
f 292/330/292 291/328/291 306/354/306 307/342/307
f 285/331/285 284/329/284 299/355/299 300/343/300
f 297/351/297 296/349/296 312/356/312 313/357/313
f 305/352/305 304/350/304 320/358/320 321/359/321
f 298/353/298 297/351/297 313/357/313 314/360/314
f 306/354/306 305/352/305 321/359/321 322/361/322
f 299/355/299 298/353/298 314/360/314 315/362/315
f 307/342/307 306/354/306 322/361/322 323/363/323
f 300/343/300 299/355/299 315/362/315 316/364/316
f 293/340/293 82/365/82 309/366/309
f 308/367/308 307/342/307 323/363/323
f 301/344/301 300/343/300 316/364/316 317/368/317
f 294/345/294 293/340/293 309/366/309 310/369/310
f 302/346/302 301/344/301 317/368/317 318/370/318
f 295/347/295 294/345/294 310/369/310 311/371/311
f 303/348/303 302/346/302 318/370/318 319/372/319
f 296/349/296 295/347/295 311/371/311 312/356/312
f 304/350/304 303/348/303 319/372/319 320/358/320
f 317/368/317 316/364/316 331/373/331 332/374/332
f 310/369/310 309/366/309 324/375/324 325/376/325
f 318/370/318 317/368/317 332/374/332 333/377/333
f 311/371/311 310/369/310 325/376/325 326/378/326
f 319/372/319 318/370/318 333/377/333 334/379/334
f 312/356/312 311/371/311 326/378/326 327/380/327
f 320/358/320 319/372/319 334/379/334 335/381/335
f 313/357/313 312/356/312 327/380/327 328/382/328
f 321/359/321 320/358/320 335/381/335 336/383/336
f 314/360/314 313/357/313 328/382/328 329/384/329
f 322/361/322 321/359/321 336/383/336 337/385/337
f 315/362/315 314/360/314 329/384/329 330/386/330
f 323/363/323 322/361/322 337/385/337 338/387/338
f 316/364/316 315/362/315 330/386/330 331/373/331
f 309/366/309 82/388/82 324/375/324
f 308/389/308 323/363/323 338/387/338
f 336/383/336 335/381/335 350/390/350 351/391/351
f 329/384/329 328/382/328 343/392/343 344/393/344
f 337/385/337 336/383/336 351/391/351 352/394/352
f 330/386/330 329/384/329 344/393/344 345/395/345
f 338/387/338 337/385/337 352/394/352 353/396/353
f 331/373/331 330/386/330 345/395/345 346/397/346
f 324/375/324 82/398/82 339/399/339
f 308/400/308 338/387/338 353/396/353
f 332/374/332 331/373/331 346/397/346 347/401/347
f 325/376/325 324/375/324 339/399/339 340/402/340
f 333/377/333 332/374/332 347/401/347 348/403/348
f 326/378/326 325/376/325 340/402/340 341/404/341
f 334/379/334 333/377/333 348/403/348 349/405/349
f 327/380/327 326/378/326 341/404/341 342/406/342
f 335/381/335 334/379/334 349/405/349 350/390/350
f 328/382/328 327/380/327 342/406/342 343/392/343
f 348/403/348 347/401/347 362/407/362 363/408/363
f 341/404/341 340/402/340 355/409/355 356/410/356
f 349/405/349 348/403/348 363/408/363 364/411/364
f 342/406/342 341/404/341 356/410/356 357/412/357
f 350/390/350 349/405/349 364/411/364 365/413/365
f 343/392/343 342/406/342 357/412/357 358/414/358
f 351/391/351 350/390/350 365/413/365 366/415/366
f 344/393/344 343/392/343 358/414/358 359/416/359
f 352/394/352 351/391/351 366/415/366 367/417/367
f 345/395/345 344/393/344 359/416/359 360/418/360
f 353/396/353 352/394/352 367/417/367 368/419/368
f 346/397/346 345/395/345 360/418/360 361/420/361
f 339/399/339 82/421/82 354/422/354
f 308/423/308 353/396/353 368/419/368
f 347/401/347 346/397/346 361/420/361 362/407/362
f 340/402/340 339/399/339 354/422/354 355/409/355
f 367/424/367 366/425/366 381/426/381 382/427/382
f 360/428/360 359/429/359 374/430/374 375/431/375
f 368/432/368 367/424/367 382/427/382 383/433/383
f 361/434/361 360/428/360 375/431/375 376/435/376
f 354/436/354 82/437/82 369/438/369
f 308/439/308 368/432/368 383/433/383
f 362/440/362 361/434/361 376/435/376 377/441/377
f 355/442/355 354/436/354 369/438/369 370/443/370
f 363/444/363 362/440/362 377/441/377 378/445/378
f 356/446/356 355/442/355 370/443/370 371/447/371
f 364/448/364 363/444/363 378/445/378 379/449/379
f 357/450/357 356/446/356 371/447/371 372/451/372
f 365/452/365 364/448/364 379/449/379 380/453/380
f 358/454/358 357/450/357 372/451/372 373/455/373
f 366/425/366 365/452/365 380/453/380 381/426/381
f 359/429/359 358/454/358 373/455/373 374/430/374
f 371/447/371 370/443/370 385/456/385 386/457/386
f 379/449/379 378/445/378 393/458/393 394/459/394
f 372/451/372 371/447/371 386/457/386 387/460/387
f 380/453/380 379/449/379 394/459/394 395/461/395
f 373/455/373 372/451/372 387/460/387 388/462/388
f 381/426/381 380/453/380 395/461/395 396/463/396
f 374/430/374 373/455/373 388/462/388 389/464/389
f 382/427/382 381/426/381 396/463/396 397/465/397
f 375/431/375 374/430/374 389/464/389 390/466/390
f 383/433/383 382/427/382 397/465/397 398/467/398
f 376/435/376 375/431/375 390/466/390 391/468/391
f 369/438/369 82/469/82 384/470/384
f 308/471/308 383/433/383 398/467/398
f 377/441/377 376/435/376 391/468/391 392/472/392
f 370/443/370 369/438/369 384/470/384 385/456/385
f 378/445/378 377/441/377 392/472/392 393/458/393
f 390/466/390 389/464/389 404/473/404 405/474/405
f 398/467/398 397/465/397 412/475/412 413/476/413
f 391/468/391 390/466/390 405/474/405 406/477/406
f 384/470/384 82/478/82 399/479/399
f 308/480/308 398/467/398 413/476/413
f 392/472/392 391/468/391 406/477/406 407/481/407
f 385/456/385 384/470/384 399/479/399 400/482/400
f 393/458/393 392/472/392 407/481/407 408/483/408
f 386/457/386 385/456/385 400/482/400 401/484/401
f 394/459/394 393/458/393 408/483/408 409/485/409
f 387/460/387 386/457/386 401/484/401 402/486/402
f 395/461/395 394/459/394 409/485/409 410/487/410
f 388/462/388 387/460/387 402/486/402 403/488/403
f 396/463/396 395/461/395 410/487/410 411/489/411
f 389/464/389 388/462/388 403/488/403 404/473/404
f 397/465/397 396/463/396 411/489/411 412/475/412
f 409/485/409 408/483/408 423/490/423 424/491/424
f 402/486/402 401/484/401 416/492/416 417/493/417
f 410/487/410 409/485/409 424/491/424 425/494/425
f 403/488/403 402/486/402 417/493/417 418/495/418
f 411/489/411 410/487/410 425/494/425 426/496/426
f 404/473/404 403/488/403 418/495/418 419/497/419
f 412/475/412 411/489/411 426/496/426 427/498/427
f 405/474/405 404/473/404 419/497/419 420/499/420
f 413/476/413 412/475/412 427/498/427 428/500/428
f 406/477/406 405/474/405 420/499/420 421/501/421
f 399/479/399 82/502/82 414/503/414
f 308/504/308 413/476/413 428/500/428
f 407/481/407 406/477/406 421/501/421 422/505/422
f 400/482/400 399/479/399 414/503/414 415/506/415
f 408/483/408 407/481/407 422/505/422 423/490/423
f 401/484/401 400/482/400 415/506/415 416/492/416
f 428/500/428 427/498/427 442/507/442 443/508/443
f 421/501/421 420/499/420 435/509/435 436/510/436
f 414/503/414 82/511/82 429/512/429
f 308/513/308 428/500/428 443/508/443
f 422/505/422 421/501/421 436/510/436 437/514/437
f 415/506/415 414/503/414 429/512/429 430/515/430
f 423/490/423 422/505/422 437/514/437 438/516/438
f 416/492/416 415/506/415 430/515/430 431/517/431
f 424/491/424 423/490/423 438/516/438 439/518/439
f 417/493/417 416/492/416 431/517/431 432/519/432
f 425/494/425 424/491/424 439/518/439 440/520/440
f 418/495/418 417/493/417 432/519/432 433/521/433
f 426/496/426 425/494/425 440/520/440 441/522/441
f 419/497/419 418/495/418 433/521/433 434/523/434
f 427/498/427 426/496/426 441/522/441 442/507/442
f 420/499/420 419/497/419 434/523/434 435/509/435
f 432/519/432 431/517/431 446/524/446 447/525/447
f 440/520/440 439/518/439 454/526/454 455/527/455
f 433/521/433 432/519/432 447/525/447 448/528/448
f 441/522/441 440/520/440 455/527/455 456/529/456
f 434/523/434 433/521/433 448/528/448 449/530/449
f 442/507/442 441/522/441 456/529/456 457/531/457
f 435/509/435 434/523/434 449/530/449 450/532/450
f 443/508/443 442/507/442 457/531/457 458/533/458
f 436/510/436 435/509/435 450/532/450 451/534/451
f 429/512/429 82/535/82 444/536/444
f 308/537/308 443/508/443 458/533/458
f 437/514/437 436/510/436 451/534/451 452/538/452
f 430/515/430 429/512/429 444/536/444 445/539/445
f 438/516/438 437/514/437 452/538/452 453/540/453
f 431/517/431 430/515/430 445/539/445 446/524/446
f 439/518/439 438/516/438 453/540/453 454/526/454
f 451/534/451 450/532/450 465/541/465 466/542/466
f 444/536/444 82/543/82 459/544/459
f 308/545/308 458/533/458 473/546/473
f 452/538/452 451/534/451 466/542/466 467/547/467
f 445/539/445 444/536/444 459/544/459 460/548/460
f 453/540/453 452/538/452 467/547/467 468/549/468
f 446/524/446 445/539/445 460/548/460 461/550/461
f 454/526/454 453/540/453 468/549/468 469/551/469
f 447/525/447 446/524/446 461/550/461 462/552/462
f 455/527/455 454/526/454 469/551/469 470/553/470
f 448/528/448 447/525/447 462/552/462 463/554/463
f 456/529/456 455/527/455 470/553/470 471/555/471
f 449/530/449 448/528/448 463/554/463 464/556/464
f 457/531/457 456/529/456 471/555/471 472/557/472
f 450/532/450 449/530/449 464/556/464 465/541/465
f 458/533/458 457/531/457 472/557/472 473/546/473
f 470/553/470 469/551/469 6/2/6 479/1/479
f 463/554/463 462/552/462 476/6/476 2/5/2
f 471/555/471 470/553/470 479/1/479 480/9/480
f 464/556/464 463/554/463 2/5/2 477/11/477
f 472/557/472 471/555/471 480/9/480 481/13/481
f 465/541/465 464/556/464 477/11/477 3/15/3
f 473/546/473 472/557/472 481/13/481 482/17/482
f 466/542/466 465/541/465 3/15/3 4/19/4
f 459/544/459 82/558/82 474/21/474
f 308/559/308 473/546/473 482/17/482
f 467/547/467 466/542/466 4/19/4 5/25/5
f 460/548/460 459/544/459 474/21/474 475/27/475
f 468/549/468 467/547/467 5/25/5 478/29/478
f 461/550/461 460/548/460 475/27/475 1/31/1
f 469/551/469 468/549/468 478/29/478 6/2/6
f 462/552/462 461/550/461 1/31/1 476/6/476
o Earth_Orbit
v -0.041667 -0.072169 -50.168121
v -8.517733 4.821490 -49.204163
v -16.668068 9.527089 -46.349308
v -24.179461 13.863793 -41.713276
v -30.763245 17.664942 -35.474220
v -36.166431 20.784472 -27.871920
v -40.181347 23.102486 -19.198515
v -42.653725 24.529913 -9.787317
v -43.488541 25.011892 0.000000
v -42.653725 24.529913 9.787317
v -40.181347 23.102486 19.198515
v -36.166428 20.784470 27.871923
v -30.763245 17.664942 35.474220
v -24.179459 13.863791 41.713280
v -16.668068 9.527089 46.349308
v -8.517733 4.821490 49.204163
v -0.041667 -0.072169 50.168121
v 8.434399 -4.965827 49.204163
v 16.584736 -9.671426 46.349308
v 24.096128 -14.008130 41.713276
v 30.679913 -17.809278 35.474220
v 36.083096 -20.928808 27.871920
v 40.098011 -23.246822 19.198515
v 42.570389 -24.674250 9.787317
v 43.405205 -25.156229 0.000000
v 42.570389 -24.674250 -9.787317
v 40.098011 -23.246822 -19.198515
v 36.083092 -20.928806 -27.871923
v 30.679913 -17.809278 -35.474220
v 24.096127 -14.008128 -41.713280
v 16.584736 -9.671426 -46.349308
v 8.434399 -4.965827 -49.204163
v -0.041667 -0.072169 -52.121628
v -8.847783 5.012044 -51.120129
v -17.315485 9.900876 -48.154110
v -25.119366 14.406447 -43.337559
v -31.959515 18.355610 -36.855556
v -37.573093 21.596609 -28.957232
v -41.744350 24.004887 -19.946089
v -44.313007 25.487898 -10.168427
v -45.180325 25.988646 0.000000
v -44.313000 25.487896 10.168427
v -41.744350 24.004887 19.946089
v -37.573097 21.596611 28.957232
v -31.959517 18.355610 36.855556
v -25.119366 14.406447 43.337555
v -17.315485 9.900876 48.154110
v -8.847783 5.012044 51.120132
v -0.041667 -0.072169 52.121628
v 8.764449 -5.156382 51.120129
v 17.232153 -10.045213 48.154110
v 25.036034 -14.550784 43.337559
v 31.876183 -18.499947 36.855556
v 37.489758 -21.740946 28.957232
v 41.661015 -24.149223 19.946089
v 44.229671 -25.632235 10.168427
v 45.096989 -26.132982 0.000000
v 44.229664 -25.632233 -10.168427
v 41.661015 -24.149223 -19.946089
v 37.489761 -21.740948 -28.957232
v 31.876184 -18.499947 -36.855556
v 25.036034 -14.550784 -43.337555
v 17.232153 -10.045213 -48.154110
v 8.764449 -5.156382 -51.120132
v -0.208333 -0.360844 -50.168129
v -8.684399 4.532814 -49.204163
v -16.834736 9.238413 -46.349308
v -24.346127 13.575116 -41.713276
v -30.929914 17.376268 -35.474224
v -36.333096 20.495796 -27.871920
v -40.348011 22.813810 -19.198513
v -42.820389 24.241238 -9.787317
v -43.655209 24.723221 -0.000000
v -42.820389 24.241238 9.787316
v -40.348011 22.813810 19.198513
v -36.333092 20.495794 27.871920
v -30.929914 17.376268 35.474224
v -24.346127 13.575116 41.713280
v -16.834736 9.238413 46.349308
v -8.684399 4.532815 49.204163
v -0.208333 -0.360844 50.168129
v 8.267733 -5.254502 49.204163
v 16.418068 -9.960100 46.349308
v 23.929459 -14.296803 41.713276
v 30.513247 -18.097956 35.474224
v 35.916431 -21.217484 27.871920
v 39.931347 -23.535498 19.198513
v 42.403725 -24.962925 9.787317
v 43.238544 -25.444908 0.000000
v 42.403725 -24.962925 -9.787316
v 39.931347 -23.535498 -19.198513
v 35.916428 -21.217482 -27.871920
v 30.513247 -18.097956 -35.474224
v 23.929459 -14.296803 -41.713280
v 16.418068 -9.960100 -46.349308
v 8.267733 -5.254503 -49.204163
v -0.208333 -0.360844 -52.121628
v -9.014449 4.723370 -51.120129
v -17.482153 9.612201 -48.154110
v -25.286034 14.117772 -43.337555
v -32.126183 18.066935 -36.855556
v -37.739758 21.307934 -28.957232
v -41.911015 23.716211 -19.946089
v -44.479664 25.199221 -10.168427
v -45.346989 25.699970 0.000000
v -44.479664 25.199221 10.168427
v -41.911015 23.716211 19.946089
v -37.739758 21.307934 28.957232
v -32.126183 18.066935 36.855556
v -25.286034 14.117772 43.337555
v -17.482153 9.612201 48.154110
v -9.014450 4.723370 51.120129
v -0.208333 -0.360844 52.121628
v 8.597783 -5.445057 51.120129
v 17.065485 -10.333888 48.154110
v 24.869366 -14.839459 43.337555
v 31.709517 -18.788622 36.855556
v 37.323093 -22.029621 28.957232
v 41.494350 -24.437899 19.946089
v 44.063000 -25.920908 10.168427
v 44.930325 -26.421658 -0.000000
v 44.063000 -25.920908 -10.168427
v 41.494350 -24.437899 -19.946089
v 37.323093 -22.029621 -28.957232
v 31.709517 -18.788622 -36.855556
v 24.869366 -14.839459 -43.337555
v 17.065485 -10.333888 -48.154110
v 8.597784 -5.445058 -51.120129
v -4.300189 2.386490 -49.926361
v -12.653582 7.209323 -48.007721
v -20.522303 11.752332 -44.244171
v -27.603970 15.840934 -38.780338
v -33.626427 19.317999 -31.826202
v -38.358246 22.049917 -23.649002
v -41.617573 23.931690 -14.562984
v -43.279167 24.891012 -4.917318
v -43.279167 24.891012 4.917318
v -41.617577 23.931692 14.562984
v -38.358246 22.049917 23.649000
v -33.626427 19.318001 31.826204
v -27.603968 15.840933 38.780334
v -20.522305 11.752333 44.244171
v -12.653582 7.209323 48.007717
v -4.300189 2.386490 49.926361
v 4.216856 -2.530828 49.926361
v 12.570248 -7.353661 48.007721
v 20.438971 -11.896668 44.244171
v 27.520638 -15.985271 38.780338
v 33.543091 -19.462336 31.826202
v 38.274910 -22.194254 23.649002
v 41.534237 -24.076027 14.562984
v 43.195831 -25.035349 4.917318
v 43.195831 -25.035349 -4.917318
v 41.534241 -24.076029 -14.562984
v 38.274910 -22.194254 -23.649000
v 33.543091 -19.462337 -31.826204
v 27.520636 -15.985270 -38.780334
v 20.438972 -11.896669 -44.244171
v 12.570248 -7.353661 -48.007717
v 4.216856 -2.530828 -49.926361
v -4.466012 2.482228 -51.870449
v -13.144680 7.492859 -49.877102
v -21.319801 12.212769 -45.966999
v -28.677219 16.460575 -40.290405
v -34.934185 20.073034 -33.065487
v -39.850262 22.911331 -24.569874
v -43.236507 24.866383 -15.130055
v -44.962799 25.863056 -5.108794
v -44.962799 25.863056 5.108794
v -43.236507 24.866383 15.130055
v -39.850258 22.911331 24.569874
v -34.934185 20.073034 33.065487
v -28.677219 16.460575 40.290405
v -21.319801 12.212769 45.966999
v -13.144680 7.492859 49.877102
v -4.466012 2.482228 51.870449
v 4.382679 -2.626566 51.870449
v 13.061346 -7.637197 49.877102
v 21.236469 -12.357105 45.966999
v 28.593887 -16.604912 40.290405
v 34.850849 -20.217371 33.065487
v 39.766926 -23.055668 24.569874
v 43.153172 -25.010719 15.130055
v 44.879463 -26.007393 5.108794
v 44.879463 -26.007393 -5.108794
v 43.153172 -25.010719 -15.130055
v 39.766922 -23.055668 -24.569874
v 34.850849 -20.217371 -33.065487
v 28.593887 -16.604912 -40.290405
v 21.236469 -12.357105 -45.966999
v 13.061346 -7.637197 -49.877102
v 4.382679 -2.626566 -51.870449
v -8.651508 4.970894 -50.162144
v -16.960527 9.768108 -47.251709
v 31.309301 -18.100487 -36.164890
v 24.597330 -14.225330 -42.525414
v -8.651508 4.970894 50.162144
v -0.010417 -0.018042 51.144871
v -24.618164 14.189246 -42.525414
v 16.939695 -9.804193 -47.251709
v 8.630674 -5.006978 50.162144
v -31.330130 18.064404 -36.164890
v 8.630674 -5.006978 -50.162144
v 16.939695 -9.804193 47.251709
v -36.838509 21.244665 -28.414576
v -0.010417 -0.018042 -51.144871
v 24.597332 -14.225331 42.525414
v -40.931602 23.607813 -19.572302
v 31.309298 -18.100487 36.164890
v -43.452110 25.063030 -9.977872
v 36.817673 -21.280748 28.414576
v -44.303177 25.554394 0.000000
v 40.910767 -23.643896 19.572302
v -43.452110 25.063030 9.977872
v 43.431274 -25.099113 9.977872
v -40.931602 23.607813 19.572302
v 44.282341 -25.590477 0.000000
v -36.838509 21.244665 28.414577
v 43.431274 -25.099113 -9.977872
v -31.330133 18.064404 36.164890
v 40.910767 -23.643896 -19.572302
v -24.618162 14.189245 42.525414
v 36.817673 -21.280748 -28.414577
v -16.960527 9.768108 47.251709
v -4.466856 2.097815 -49.926365
v -12.820248 6.920648 -48.007713
v -20.688972 11.463657 -44.244171
v -27.770636 15.552258 -38.780338
v -33.793091 19.029324 -31.826202
v -38.524910 21.761242 -23.649004
v -41.784241 23.643017 -14.562985
v -43.445831 24.602337 -4.917318
v -43.445835 24.602339 4.917317
v -41.784233 23.643013 14.562984
v -38.524910 21.761242 23.649002
v -33.793091 19.029325 31.826202
v -27.770636 15.552258 38.780334
v -20.688972 11.463658 44.244171
v -12.820250 6.920649 48.007721
v -4.466856 2.097815 49.926361
v 4.050189 -2.819503 49.926365
v 12.403582 -7.642336 48.007713
v 20.272305 -12.185345 44.244171
v 27.353968 -16.273945 38.780338
v 33.376427 -19.751011 31.826202
v 38.108246 -22.482929 23.649004
v 41.367577 -24.364704 14.562985
v 43.029167 -25.324024 4.917318
v 43.029171 -25.324026 -4.917317
v 41.367569 -24.364700 -14.562984
v 38.108246 -22.482929 -23.649002
v 33.376427 -19.751013 -31.826202
v 27.353968 -16.273945 -38.780334
v 20.272305 -12.185346 -44.244171
v 12.403584 -7.642337 -48.007721
v 4.050189 -2.819503 -49.926361
v -4.632679 2.193553 -51.870449
v -13.311345 7.204183 -49.877098
v -21.486469 11.924093 -45.966995
v -28.843887 16.171900 -40.290409
v -35.100849 19.784359 -33.065487
v -40.016922 22.622656 -24.569874
v -43.403172 24.577707 -15.130055
v -45.129463 25.574381 -5.108794
v -45.129463 25.574381 5.108794
v -43.403168 24.577705 15.130054
v -40.016918 22.622654 24.569874
v -35.100853 19.784361 33.065487
v -28.843887 16.171900 40.290405
v -21.486471 11.924093 45.966999
v -13.311346 7.204184 49.877102
v -4.632679 2.193553 51.870449
v 4.216012 -2.915241 51.870449
v 12.894679 -7.925871 49.877098
v 21.069801 -12.645781 45.966995
v 28.427219 -16.893587 40.290409
v 34.684185 -20.506046 33.065487
v 39.600258 -23.344343 24.569874
v 42.986507 -25.299395 15.130055
v 44.712799 -26.296068 5.108794
v 44.712799 -26.296068 -5.108794
v 42.986504 -25.299393 -15.130054
v 39.600254 -23.344341 -24.569874
v 34.684189 -20.506048 -33.065487
v 28.427219 -16.893587 -40.290405
v 21.069803 -12.645781 -45.966999
v 12.894680 -7.925872 -49.877102
v 4.216012 -2.915241 -51.870449
v -8.880674 4.573966 -50.162144
v -17.189695 9.371181 -47.251705
v 31.080135 -18.497417 -36.164890
v 24.368162 -14.622258 -42.525417
v -8.880673 4.573965 50.162144
v -0.239583 -0.414970 51.144882
v -24.847330 13.792317 -42.525410
v 16.710529 -10.201121 -47.251709
v 8.401508 -5.403907 50.162144
v -31.559298 17.667475 -36.164894
v 8.401507 -5.403906 -50.162144
v 16.710527 -10.201121 47.251705
v -37.067677 20.847738 -28.414576
v -0.239583 -0.414971 -51.144882
v 24.368162 -14.622258 42.525410
v -41.160767 23.210884 -19.572302
v 31.080130 -18.497416 36.164894
v -43.681274 24.666101 -9.977871
v 36.588512 -21.677679 28.414576
v -44.532352 25.157471 -0.000000
v 40.681602 -24.040825 19.572302
v -43.681274 24.666101 9.977873
v 43.202110 -25.496042 9.977871
v -41.160763 23.210882 19.572302
v 44.053188 -25.987411 0.000000
v -37.067669 20.847734 28.414576
v 43.202110 -25.496042 -9.977873
v -31.559303 17.667477 36.164890
v 40.681599 -24.040823 -19.572302
v -24.847330 13.792317 42.525417
v 36.588505 -21.677675 -28.414576
v -17.189697 9.371181 47.251709
v -0.125000 -0.216506 -49.801849
v -8.539181 4.641423 -48.844917
v -16.630013 9.312667 -46.010906
v -24.086565 13.617708 -41.408722
v -30.622280 17.391104 -35.215221
v -35.986008 20.487854 -27.668427
v -39.971619 22.788946 -19.058344
v -42.425938 24.205950 -9.715858
v -43.254669 24.684418 0.000000
v -42.425941 24.205952 9.715858
v -39.971619 22.788946 19.058346
v -35.986008 20.487854 27.668428
v -30.622280 17.391104 35.215221
v -24.086561 13.617707 41.408722
v -16.630011 9.312666 46.010906
v -8.539181 4.641423 48.844913
v -0.125000 -0.216506 49.801849
v 8.289181 -5.074436 48.844917
v 16.380013 -9.745679 46.010906
v 23.836565 -14.050720 41.408722
v 30.372280 -17.824118 35.215221
v 35.736008 -20.920868 27.668427
v 39.721619 -23.221960 19.058344
v 42.175938 -24.638964 9.715858
v 43.004669 -25.117432 0.000000
v 42.175941 -24.638966 -9.715858
v 39.721619 -23.221960 -19.058346
v 35.736008 -20.920868 -27.668428
v 30.372280 -17.824118 -35.215221
v 23.836561 -14.050719 -41.408722
v 16.380011 -9.745678 -46.010906
v 8.289181 -5.074436 -48.844913
v -0.125000 -0.216506 -52.487907
v -8.993002 4.903436 -51.479378
v -17.520212 9.826623 -48.492512
v -25.378929 14.363856 -43.642105
v -32.267155 18.340773 -37.114559
v -37.920174 21.604546 -29.160725
v -42.120750 24.029751 -20.086258
v -44.707451 25.523182 -10.239884
v -45.580864 26.027447 0.000000
v -44.707451 25.523182 10.239885
v -42.120750 24.029749 20.086258
v -37.920174 21.604546 29.160725
v -32.267155 18.340773 37.114559
v -25.378929 14.363856 43.642105
v -17.520212 9.826623 48.492516
v -8.993000 4.903436 51.479378
v -0.125000 -0.216506 52.487907
v 8.743002 -5.336449 51.479378
v 17.270212 -10.259635 48.492512
v 25.128929 -14.796868 43.642105
v 32.017155 -18.773787 37.114559
v 37.670174 -22.037560 29.160725
v 41.870750 -24.462765 20.086258
v 44.457451 -25.956196 10.239884
v 45.330864 -26.460461 0.000000
v 44.457451 -25.956196 -10.239885
v 41.870750 -24.462763 -20.086258
v 37.670174 -22.037560 -29.160725
v 32.017155 -18.773787 -37.114559
v 25.128929 -14.796868 -43.642105
v 17.270212 -10.259635 -48.492516
v 8.743000 -5.336449 -51.479378
v -12.867878 7.405216 -48.942410
v 28.088512 -16.240965 -39.535374
v -4.351851 2.488486 50.898403
v -20.889801 12.036675 -45.105583
v 20.868969 -12.072761 -45.105583
v 4.331017 -2.524570 50.898411
v -28.109344 16.204882 -39.535370
v 12.847045 -7.441301 -48.942410
v 12.847044 -7.441300 48.942410
v -34.249058 19.749645 -32.445847
v 4.331017 -2.524570 -50.898403
v 20.868969 -12.072761 45.105583
v -39.073002 22.534750 -24.109436
v 28.088512 -16.240965 39.535370
v -42.395790 24.453163 -14.846518
v 34.228222 -19.785728 32.445847
v -44.089733 25.431160 -5.013056
v 39.052166 -22.570833 24.109436
v -44.089737 25.431164 5.013055
v 42.374954 -24.489246 14.846518
v -42.395790 24.453163 14.846516
v 44.068897 -25.467243 5.013056
v -39.073002 22.534750 24.109436
v 44.068901 -25.467247 -5.013055
v -34.249054 19.749643 32.445847
v 42.374954 -24.489246 -14.846516
v -28.109344 16.204882 39.535374
v 39.052166 -22.570833 -24.109436
v -20.889801 12.036675 45.105583
v -4.351850 2.488486 -50.898411
v 34.228218 -19.785727 -32.445847
v -12.867879 7.405217 48.942410
v -13.097045 7.008288 -48.942406
v 27.859344 -16.637894 -39.535378
v -4.581017 2.091557 50.898399
v -21.118969 11.639747 -45.105583
v 20.639801 -12.469688 -45.105583
v 4.101850 -2.921498 50.898411
v -28.338512 15.807953 -39.535374
v 12.617879 -7.838229 -48.942406
v 12.617879 -7.838229 48.942406
v -34.478226 19.352718 -32.445847
v 4.101850 -2.921498 -50.898399
v 20.639801 -12.469687 45.105583
v -39.302166 22.137821 -24.109436
v 27.859344 -16.637894 39.535374
v -42.624954 24.056232 -14.846518
v 33.999062 -20.182659 32.445847
v -44.318890 25.034229 -5.013055
v 38.823002 -22.967762 24.109436
v -44.318901 25.034235 5.013055
v 42.145790 -24.886173 14.846518
v -42.624950 24.056232 14.846518
v 43.839725 -25.864170 5.013055
v -39.302166 22.137821 24.109434
v 43.839737 -25.864176 -5.013055
v -34.478222 19.352716 32.445847
v 42.145786 -24.886173 -14.846518
v -28.338512 15.807953 39.535378
v 38.823002 -22.967762 -24.109434
v -21.118969 11.639748 45.105583
v -4.581017 2.091557 -50.898411
v 33.999058 -20.182657 -32.445847
v -13.097045 7.008288 48.942406
v -4.352430 2.224201 -49.561844
v -12.644833 7.011822 -47.657207
v -20.456104 11.521663 -43.921143
v -27.486067 15.580412 -38.497196
v -33.464554 19.032091 -31.593836
v -38.161827 21.744064 -23.476337
v -41.397362 23.612101 -14.456657
v -43.046818 24.564415 -4.881416
v -43.046818 24.564415 4.881416
v -41.397358 23.612097 14.456657
v -38.161827 21.744064 23.476337
v -33.464550 19.032091 31.593836
v -27.486067 15.580412 38.497196
v -20.456104 11.521663 43.921143
v -12.644833 7.011822 47.657215
v -4.352431 2.224202 49.561844
v 4.102430 -2.657214 49.561844
v 12.394833 -7.444835 47.657207
v 20.206104 -11.954675 43.921143
v 27.236067 -16.013424 38.497196
v 33.214554 -19.465105 31.593836
v 37.911827 -22.177078 23.476337
v 41.147362 -24.045115 14.456657
v 42.796818 -24.997429 4.881416
v 42.796818 -24.997429 -4.881416
v 41.147358 -24.045111 -14.456657
v 37.911827 -22.177078 -23.476337
v 33.214550 -19.465105 -31.593836
v 27.236067 -16.013424 -38.497196
v 20.206104 -11.954675 -43.921143
v 12.394833 -7.444835 -47.657215
v 4.102431 -2.657215 -49.561844
v -4.580437 2.355841 -52.234966
v -13.320092 7.401683 -50.227604
v -21.552666 12.154762 -46.290024
v -28.961788 16.432419 -40.573547
v -35.262726 20.070267 -33.297852
v -40.213341 22.928505 -24.742537
v -43.623383 24.897295 -15.236377
v -45.361805 25.900974 -5.144695
v -45.361813 25.900976 5.144695
v -43.623383 24.897295 15.236380
v -40.213341 22.928505 24.742537
v -35.262722 20.070267 33.297852
v -28.961788 16.432419 40.573547
v -21.552666 12.154762 46.290024
v -13.320090 7.401682 50.227604
v -4.580437 2.355841 52.234962
v 4.330437 -2.788854 52.234966
v 13.070092 -7.834696 50.227604
v 21.302666 -12.587774 46.290024
v 28.711788 -16.865433 40.573547
v 35.012726 -20.503281 33.297852
v 39.963341 -23.361519 24.742537
v 43.373383 -25.330309 15.236377
v 45.111805 -26.333988 5.144695
v 45.111813 -26.333990 -5.144695
v 43.373383 -25.330309 -15.236380
v 39.963341 -23.361519 -24.742537
v 35.012722 -20.503281 -33.297852
v 28.711788 -16.865433 -40.573547
v 21.302666 -12.587774 -46.290024
v 13.070090 -7.834695 -50.227604
v 4.330437 -2.788854 -52.234962
vn 0.5176 0.8535 0.0602
vn 0.5124 0.8565 0.0620
vn 0.4855 0.8720 -0.0620
vn 0.4803 0.8750 -0.0602
vn 0.4660 0.8833 0.0514
vn 0.4618 0.8857 0.0474
vn 0.5362 0.8428 -0.0474
vn 0.5320 0.8452 -0.0514
vn 0.5017 0.8627 -0.0639
vn 0.5071 0.8596 -0.0632
vn 0.4909 0.8689 0.0632
vn 0.4963 0.8658 0.0639
vn 0.5274 0.8478 0.0548
vn 0.5227 0.8506 0.0578
vn 0.4753 0.8779 -0.0578
vn 0.4705 0.8807 -0.0548
vn 0.4753 0.8779 0.0578
vn 0.4705 0.8807 0.0548
vn 0.5274 0.8478 -0.0548
vn 0.5227 0.8506 -0.0578
vn 0.4909 0.8689 -0.0632
vn 0.4963 0.8658 -0.0639
vn 0.5017 0.8627 0.0639
vn 0.5071 0.8596 0.0632
vn 0.5362 0.8428 0.0474
vn 0.5320 0.8452 0.0514
vn 0.4660 0.8833 -0.0514
vn 0.4618 0.8857 -0.0474
vn 0.4855 0.8720 0.0620
vn 0.4803 0.8750 0.0602
vn 0.5176 0.8535 -0.0602
vn 0.5124 0.8565 -0.0620
vn 0.5434 0.8386 0.0381
vn 0.5400 0.8406 0.0429
vn 0.4580 0.8879 -0.0429
vn 0.4545 0.8899 -0.0381
vn 0.5490 0.8354 0.0273
vn 0.5465 0.8368 0.0329
vn 0.4515 0.8917 -0.0329
vn 0.4489 0.8932 -0.0273
vn 0.5527 0.8332 0.0155
vn 0.5511 0.8342 0.0215
vn 0.4468 0.8944 -0.0215
vn 0.4453 0.8953 -0.0155
vn 0.5543 0.8323 0.0031
vn 0.5537 0.8326 0.0094
vn 0.4442 0.8959 -0.0094
vn 0.4437 0.8962 -0.0031
vn 0.5537 0.8326 -0.0094
vn 0.5543 0.8323 -0.0031
vn 0.4437 0.8962 0.0031
vn 0.4442 0.8959 0.0094
vn 0.5511 0.8342 -0.0215
vn 0.5527 0.8332 -0.0155
vn 0.4453 0.8953 0.0155
vn 0.4468 0.8944 0.0215
vn 0.5465 0.8368 -0.0329
vn 0.5490 0.8354 -0.0273
vn 0.4489 0.8932 0.0273
vn 0.4515 0.8917 0.0329
vn 0.5400 0.8406 -0.0429
vn 0.5434 0.8386 -0.0381
vn 0.4545 0.8899 0.0381
vn 0.4580 0.8879 0.0429
vn -0.4803 -0.8750 0.0602
vn -0.5176 -0.8535 -0.0602
vn -0.5124 -0.8565 -0.0620
vn -0.4855 -0.8720 0.0620
vn -0.5320 -0.8452 0.0514
vn -0.4660 -0.8833 -0.0514
vn -0.4618 -0.8857 -0.0474
vn -0.5362 -0.8428 0.0474
vn -0.4963 -0.8658 -0.0639
vn -0.5017 -0.8627 0.0639
vn -0.5071 -0.8596 0.0632
vn -0.4909 -0.8689 -0.0632
vn -0.4705 -0.8807 0.0548
vn -0.5274 -0.8478 -0.0548
vn -0.5227 -0.8506 -0.0578
vn -0.4753 -0.8779 0.0578
vn -0.5227 -0.8506 0.0578
vn -0.4753 -0.8779 -0.0578
vn -0.4705 -0.8807 -0.0548
vn -0.5274 -0.8478 0.0548
vn -0.5071 -0.8596 -0.0632
vn -0.4909 -0.8689 0.0632
vn -0.4963 -0.8658 0.0639
vn -0.5017 -0.8627 -0.0639
vn -0.4618 -0.8857 0.0474
vn -0.5362 -0.8428 -0.0474
vn -0.5320 -0.8452 -0.0514
vn -0.4660 -0.8833 0.0514
vn -0.5124 -0.8565 0.0620
vn -0.4855 -0.8720 -0.0620
vn -0.4803 -0.8750 -0.0602
vn -0.5176 -0.8535 0.0602
vn -0.4545 -0.8899 0.0381
vn -0.5434 -0.8386 -0.0381
vn -0.5400 -0.8406 -0.0429
vn -0.4580 -0.8879 0.0429
vn -0.4489 -0.8932 0.0273
vn -0.5490 -0.8354 -0.0273
vn -0.5465 -0.8368 -0.0329
vn -0.4515 -0.8917 0.0329
vn -0.4453 -0.8953 0.0155
vn -0.5527 -0.8332 -0.0155
vn -0.5511 -0.8342 -0.0215
vn -0.4468 -0.8944 0.0215
vn -0.4437 -0.8962 0.0031
vn -0.5543 -0.8323 -0.0031
vn -0.5537 -0.8326 -0.0094
vn -0.4442 -0.8959 0.0094
vn -0.4442 -0.8959 -0.0094
vn -0.5537 -0.8326 0.0094
vn -0.5543 -0.8323 0.0031
vn -0.4437 -0.8962 -0.0031
vn -0.4468 -0.8944 -0.0215
vn -0.5511 -0.8342 0.0215
vn -0.5527 -0.8332 0.0155
vn -0.4453 -0.8953 -0.0155
vn -0.4515 -0.8917 -0.0329
vn -0.5465 -0.8368 0.0329
vn -0.5490 -0.8354 0.0273
vn -0.4489 -0.8932 -0.0273
vn -0.4580 -0.8879 -0.0429
vn -0.5400 -0.8406 0.0429
vn -0.5434 -0.8386 0.0381
vn -0.4545 -0.8899 -0.0381
vn 0.4726 0.7779 0.4141
vn 0.5077 0.7577 0.4101
vn -0.4023 -0.8185 0.4101
vn -0.4374 -0.7983 0.4141
vn 0.5423 0.7377 0.4021
vn 0.5759 0.7183 0.3903
vn -0.3341 -0.8579 0.3904
vn -0.3678 -0.8385 0.4022
vn 0.6085 0.6995 0.3748
vn 0.6396 0.6815 0.3556
vn -0.2704 -0.8947 0.3556
vn -0.3015 -0.8767 0.3748
vn 0.6689 0.6646 0.3330
vn 0.6961 0.6489 0.3072
vn -0.2139 -0.9273 0.3072
vn -0.2411 -0.9116 0.3330
vn 0.7210 0.6345 0.2784
vn 0.7434 0.6216 0.2470
vn -0.1666 -0.9546 0.2470
vn -0.1890 -0.9417 0.2784
vn 0.7630 0.6103 0.2131
vn 0.7796 0.6007 0.1773
vn -0.1304 -0.9755 0.1773
vn -0.1470 -0.9659 0.2131
vn 0.7931 0.5929 0.1397
vn 0.8033 0.5870 0.1007
vn -0.1067 -0.9892 0.1007
vn -0.1170 -0.9833 0.1397
vn 0.8102 0.5831 0.0608
vn 0.8136 0.5811 0.0204
vn -0.0964 -0.9951 0.0204
vn -0.0999 -0.9931 0.0608
vn 0.8136 0.5811 -0.0204
vn 0.8102 0.5831 -0.0608
vn -0.0999 -0.9931 -0.0608
vn -0.0964 -0.9951 -0.0204
vn 0.8033 0.5870 -0.1007
vn 0.7931 0.5929 -0.1397
vn -0.1170 -0.9833 -0.1397
vn -0.1067 -0.9892 -0.1008
vn 0.7796 0.6007 -0.1773
vn 0.7630 0.6103 -0.2131
vn -0.1470 -0.9659 -0.2131
vn -0.1304 -0.9755 -0.1773
vn 0.7434 0.6216 -0.2470
vn 0.7210 0.6345 -0.2784
vn -0.1890 -0.9417 -0.2784
vn -0.1666 -0.9546 -0.2470
vn 0.6961 0.6489 -0.3072
vn 0.6689 0.6646 -0.3330
vn -0.2411 -0.9116 -0.3330
vn -0.2139 -0.9273 -0.3072
vn 0.6396 0.6815 -0.3556
vn 0.6085 0.6995 -0.3748
vn -0.3015 -0.8767 -0.3748
vn -0.2704 -0.8947 -0.3556
vn 0.5759 0.7183 -0.3904
vn 0.5423 0.7377 -0.4022
vn -0.3678 -0.8385 -0.4022
vn -0.3341 -0.8579 -0.3903
vn 0.5077 0.7577 -0.4101
vn 0.4726 0.7779 -0.4141
vn -0.4374 -0.7983 -0.4141
vn -0.4023 -0.8185 -0.4101
vn 0.4374 0.7983 -0.4141
vn 0.4023 0.8185 -0.4101
vn -0.5077 -0.7577 -0.4101
vn -0.4726 -0.7779 -0.4141
vn 0.3678 0.8385 -0.4021
vn 0.3341 0.8579 -0.3903
vn -0.5759 -0.7183 -0.3904
vn -0.5423 -0.7377 -0.4022
vn 0.3015 0.8767 -0.3748
vn 0.2704 0.8947 -0.3556
vn -0.6396 -0.6815 -0.3556
vn -0.6085 -0.6995 -0.3748
vn 0.2411 0.9116 -0.3330
vn 0.2139 0.9273 -0.3072
vn -0.6961 -0.6489 -0.3072
vn -0.6689 -0.6646 -0.3330
vn 0.1890 0.9417 -0.2784
vn 0.1666 0.9546 -0.2470
vn -0.7434 -0.6216 -0.2470
vn -0.7210 -0.6345 -0.2784
vn 0.1470 0.9659 -0.2131
vn 0.1304 0.9755 -0.1773
vn -0.7796 -0.6007 -0.1773
vn -0.7630 -0.6103 -0.2131
vn 0.1170 0.9833 -0.1397
vn 0.1067 0.9892 -0.1007
vn -0.8033 -0.5870 -0.1007
vn -0.7931 -0.5929 -0.1397
vn 0.0999 0.9931 -0.0608
vn 0.0964 0.9951 -0.0204
vn -0.8136 -0.5811 -0.0204
vn -0.8102 -0.5831 -0.0608
vn 0.0964 0.9951 0.0204
vn 0.0999 0.9931 0.0608
vn -0.8102 -0.5831 0.0608
vn -0.8136 -0.5811 0.0204
vn 0.1067 0.9892 0.1007
vn 0.1170 0.9833 0.1397
vn -0.7931 -0.5929 0.1397
vn -0.8033 -0.5870 0.1008
vn 0.1304 0.9755 0.1773
vn 0.1470 0.9659 0.2131
vn -0.7630 -0.6103 0.2131
vn -0.7796 -0.6007 0.1773
vn 0.1666 0.9546 0.2470
vn 0.1890 0.9417 0.2784
vn -0.7210 -0.6345 0.2784
vn -0.7434 -0.6216 0.2470
vn 0.2139 0.9273 0.3072
vn 0.2411 0.9116 0.3330
vn -0.6689 -0.6646 0.3330
vn -0.6961 -0.6489 0.3072
vn 0.2704 0.8947 0.3556
vn 0.3015 0.8767 0.3748
vn -0.6085 -0.6995 0.3748
vn -0.6396 -0.6815 0.3556
vn 0.3341 0.8579 0.3904
vn 0.3678 0.8385 0.4022
vn -0.5423 -0.7377 0.4022
vn -0.5759 -0.7183 0.3903
vn 0.4023 0.8185 0.4101
vn 0.4374 0.7983 0.4141
vn -0.4726 -0.7779 0.4141
vn -0.5077 -0.7577 0.4101
vn 0.3678 0.8385 -0.4022
vn -0.5759 -0.7183 -0.3903
vn 0.1067 0.9892 -0.1008
vn -0.8033 -0.5870 -0.1008
vn -0.8102 -0.5830 -0.0608
vn 0.1067 0.9892 0.1008
vn 0.3677 0.8385 0.4022
vn -0.5759 -0.7183 0.3904
vn 0.5423 0.7377 0.4022
vn -0.3341 -0.8579 0.3903
vn 0.8033 0.5870 0.1008
vn -0.1067 -0.9892 0.1008
vn 0.8102 0.5830 0.0608
vn 0.8033 0.5870 -0.1008
vn -0.1305 -0.9755 -0.1773
vn -0.3341 -0.8579 -0.3904
vt 0.000000 0.000000
s 0
usemtl Material.006
f 485/560/483 612/560/483 867/560/483 676/560/483
f 612/560/484 484/560/484 675/560/484 867/560/484
f 867/560/485 675/560/485 516/560/485 644/560/485
f 676/560/486 867/560/486 644/560/486 517/560/486
f 512/560/487 639/560/487 868/560/487 678/560/487
f 639/560/488 511/560/488 677/560/488 868/560/488
f 868/560/489 677/560/489 543/560/489 671/560/489
f 678/560/490 868/560/490 671/560/490 544/560/490
f 499/560/491 626/560/491 869/560/491 680/560/491
f 626/560/492 498/560/492 679/560/492 869/560/492
f 869/560/493 679/560/493 530/560/493 658/560/493
f 680/560/494 869/560/494 658/560/494 531/560/494
f 486/560/495 613/560/495 870/560/495 681/560/495
f 613/560/496 485/560/496 676/560/496 870/560/496
f 870/560/497 676/560/497 517/560/497 645/560/497
f 681/560/498 870/560/498 645/560/498 518/560/498
f 513/560/499 640/560/499 871/560/499 682/560/499
f 640/560/500 512/560/500 678/560/500 871/560/500
f 871/560/501 678/560/501 544/560/501 672/560/501
f 682/560/502 871/560/502 672/560/502 545/560/502
f 500/560/503 627/560/503 872/560/503 683/560/503
f 627/560/504 499/560/504 680/560/504 872/560/504
f 872/560/505 680/560/505 531/560/505 659/560/505
f 683/560/506 872/560/506 659/560/506 532/560/506
f 487/560/507 614/560/507 873/560/507 684/560/507
f 614/560/508 486/560/508 681/560/508 873/560/508
f 873/560/509 681/560/509 518/560/509 646/560/509
f 684/560/510 873/560/510 646/560/510 519/560/510
f 514/560/511 641/560/511 874/560/511 685/560/511
f 641/560/512 513/560/512 682/560/512 874/560/512
f 874/560/513 682/560/513 545/560/513 673/560/513
f 685/560/514 874/560/514 673/560/514 546/560/514
f 501/560/486 628/560/486 875/560/486 686/560/486
f 628/560/485 500/560/485 683/560/485 875/560/485
f 875/560/484 683/560/484 532/560/484 660/560/484
f 686/560/483 875/560/483 660/560/483 533/560/483
f 488/560/515 615/560/515 876/560/515 687/560/515
f 615/560/516 487/560/516 684/560/516 876/560/516
f 876/560/517 684/560/517 519/560/517 647/560/517
f 687/560/518 876/560/518 647/560/518 520/560/518
f 483/560/494 642/560/494 877/560/494 688/560/494
f 642/560/493 514/560/493 685/560/493 877/560/493
f 877/560/492 685/560/492 546/560/492 674/560/492
f 688/560/491 877/560/491 674/560/491 515/560/491
f 502/560/498 629/560/498 878/560/498 689/560/498
f 629/560/497 501/560/497 686/560/497 878/560/497
f 878/560/496 686/560/496 533/560/496 661/560/496
f 689/560/495 878/560/495 661/560/495 534/560/495
f 489/560/519 616/560/519 879/560/519 690/560/519
f 616/560/520 488/560/520 687/560/520 879/560/520
f 879/560/521 687/560/521 520/560/521 648/560/521
f 690/560/522 879/560/522 648/560/522 521/560/522
f 503/560/510 630/560/510 880/560/510 691/560/510
f 630/560/509 502/560/509 689/560/509 880/560/509
f 880/560/508 689/560/508 534/560/508 662/560/508
f 691/560/507 880/560/507 662/560/507 535/560/507
f 490/560/523 617/560/523 881/560/523 692/560/523
f 617/560/524 489/560/524 690/560/524 881/560/524
f 881/560/525 690/560/525 521/560/525 649/560/525
f 692/560/526 881/560/526 649/560/526 522/560/526
f 504/560/518 631/560/518 882/560/518 693/560/518
f 631/560/517 503/560/517 691/560/517 882/560/517
f 882/560/516 691/560/516 535/560/516 663/560/516
f 693/560/515 882/560/515 663/560/515 536/560/515
f 491/560/527 618/560/527 883/560/527 694/560/527
f 618/560/528 490/560/528 692/560/528 883/560/528
f 883/560/529 692/560/529 522/560/529 650/560/529
f 694/560/530 883/560/530 650/560/530 523/560/530
f 505/560/522 632/560/522 884/560/522 695/560/522
f 632/560/521 504/560/521 693/560/521 884/560/521
f 884/560/520 693/560/520 536/560/520 664/560/520
f 695/560/519 884/560/519 664/560/519 537/560/519
f 492/560/531 619/560/531 885/560/531 696/560/531
f 619/560/532 491/560/532 694/560/532 885/560/532
f 885/560/533 694/560/533 523/560/533 651/560/533
f 696/560/534 885/560/534 651/560/534 524/560/534
f 506/560/526 633/560/526 886/560/526 697/560/526
f 633/560/525 505/560/525 695/560/525 886/560/525
f 886/560/524 695/560/524 537/560/524 665/560/524
f 697/560/523 886/560/523 665/560/523 538/560/523
f 493/560/535 620/560/535 887/560/535 698/560/535
f 620/560/536 492/560/536 696/560/536 887/560/536
f 887/560/537 696/560/537 524/560/537 652/560/537
f 698/560/538 887/560/538 652/560/538 525/560/538
f 507/560/530 634/560/530 888/560/530 699/560/530
f 634/560/529 506/560/529 697/560/529 888/560/529
f 888/560/528 697/560/528 538/560/528 666/560/528
f 699/560/527 888/560/527 666/560/527 539/560/527
f 494/560/539 621/560/539 889/560/539 700/560/539
f 621/560/540 493/560/540 698/560/540 889/560/540
f 889/560/541 698/560/541 525/560/541 653/560/541
f 700/560/542 889/560/542 653/560/542 526/560/542
f 508/560/534 635/560/534 890/560/534 701/560/534
f 635/560/533 507/560/533 699/560/533 890/560/533
f 890/560/532 699/560/532 539/560/532 667/560/532
f 701/560/531 890/560/531 667/560/531 540/560/531
f 495/560/543 622/560/543 891/560/543 702/560/543
f 622/560/544 494/560/544 700/560/544 891/560/544
f 891/560/545 700/560/545 526/560/545 654/560/545
f 702/560/546 891/560/546 654/560/546 527/560/546
f 509/560/538 636/560/538 892/560/538 703/560/538
f 636/560/537 508/560/537 701/560/537 892/560/537
f 892/560/536 701/560/536 540/560/536 668/560/536
f 703/560/535 892/560/535 668/560/535 541/560/535
f 496/560/490 623/560/490 893/560/490 704/560/490
f 623/560/489 495/560/489 702/560/489 893/560/489
f 893/560/488 702/560/488 527/560/488 655/560/488
f 704/560/487 893/560/487 655/560/487 528/560/487
f 510/560/542 637/560/542 894/560/542 705/560/542
f 637/560/541 509/560/541 703/560/541 894/560/541
f 894/560/540 703/560/540 541/560/540 669/560/540
f 705/560/539 894/560/539 669/560/539 542/560/539
f 497/560/502 624/560/502 895/560/502 706/560/502
f 624/560/501 496/560/501 704/560/501 895/560/501
f 895/560/500 704/560/500 528/560/500 656/560/500
f 706/560/499 895/560/499 656/560/499 529/560/499
f 484/560/506 611/560/506 896/560/506 675/560/506
f 611/560/505 483/560/505 688/560/505 896/560/505
f 896/560/504 688/560/504 515/560/504 643/560/504
f 675/560/503 896/560/503 643/560/503 516/560/503
f 511/560/546 638/560/546 897/560/546 677/560/546
f 638/560/545 510/560/545 705/560/545 897/560/545
f 897/560/544 705/560/544 542/560/544 670/560/544
f 677/560/543 897/560/543 670/560/543 543/560/543
f 498/560/514 625/560/514 898/560/514 679/560/514
f 625/560/513 497/560/513 706/560/513 898/560/513
f 898/560/512 706/560/512 529/560/512 657/560/512
f 679/560/511 898/560/511 657/560/511 530/560/511
f 549/560/547 772/560/547 899/560/547 708/560/547
f 772/560/548 581/560/548 740/560/548 899/560/548
f 899/560/549 740/560/549 580/560/549 771/560/549
f 708/560/550 899/560/550 771/560/550 548/560/550
f 576/560/551 774/560/551 900/560/551 735/560/551
f 774/560/552 608/560/552 767/560/552 900/560/552
f 900/560/553 767/560/553 607/560/553 773/560/553
f 735/560/554 900/560/554 773/560/554 575/560/554
f 563/560/555 776/560/555 901/560/555 722/560/555
f 776/560/556 595/560/556 754/560/556 901/560/556
f 901/560/557 754/560/557 594/560/557 775/560/557
f 722/560/558 901/560/558 775/560/558 562/560/558
f 550/560/559 777/560/559 902/560/559 709/560/559
f 777/560/560 582/560/560 741/560/560 902/560/560
f 902/560/561 741/560/561 581/560/561 772/560/561
f 709/560/562 902/560/562 772/560/562 549/560/562
f 577/560/563 778/560/563 903/560/563 736/560/563
f 778/560/564 609/560/564 768/560/564 903/560/564
f 903/560/565 768/560/565 608/560/565 774/560/565
f 736/560/566 903/560/566 774/560/566 576/560/566
f 564/560/567 779/560/567 904/560/567 723/560/567
f 779/560/568 596/560/568 755/560/568 904/560/568
f 904/560/569 755/560/569 595/560/569 776/560/569
f 723/560/570 904/560/570 776/560/570 563/560/570
f 551/560/571 780/560/571 905/560/571 710/560/571
f 780/560/572 583/560/572 742/560/572 905/560/572
f 905/560/573 742/560/573 582/560/573 777/560/573
f 710/560/574 905/560/574 777/560/574 550/560/574
f 578/560/575 781/560/575 906/560/575 737/560/575
f 781/560/576 610/560/576 769/560/576 906/560/576
f 906/560/577 769/560/577 609/560/577 778/560/577
f 737/560/578 906/560/578 778/560/578 577/560/578
f 565/560/548 782/560/548 907/560/548 724/560/548
f 782/560/547 597/560/547 756/560/547 907/560/547
f 907/560/550 756/560/550 596/560/550 779/560/550
f 724/560/549 907/560/549 779/560/549 564/560/549
f 552/560/579 783/560/579 908/560/579 711/560/579
f 783/560/580 584/560/580 743/560/580 908/560/580
f 908/560/581 743/560/581 583/560/581 780/560/581
f 711/560/582 908/560/582 780/560/582 551/560/582
f 547/560/556 784/560/556 909/560/556 738/560/556
f 784/560/555 579/560/555 770/560/555 909/560/555
f 909/560/558 770/560/558 610/560/558 781/560/558
f 738/560/557 909/560/557 781/560/557 578/560/557
f 566/560/560 785/560/560 910/560/560 725/560/560
f 785/560/559 598/560/559 757/560/559 910/560/559
f 910/560/562 757/560/562 597/560/562 782/560/562
f 725/560/561 910/560/561 782/560/561 565/560/561
f 553/560/583 786/560/583 911/560/583 712/560/583
f 786/560/584 585/560/584 744/560/584 911/560/584
f 911/560/585 744/560/585 584/560/585 783/560/585
f 712/560/586 911/560/586 783/560/586 552/560/586
f 567/560/572 787/560/572 912/560/572 726/560/572
f 787/560/571 599/560/571 758/560/571 912/560/571
f 912/560/574 758/560/574 598/560/574 785/560/574
f 726/560/573 912/560/573 785/560/573 566/560/573
f 554/560/587 788/560/587 913/560/587 713/560/587
f 788/560/588 586/560/588 745/560/588 913/560/588
f 913/560/589 745/560/589 585/560/589 786/560/589
f 713/560/590 913/560/590 786/560/590 553/560/590
f 568/560/580 789/560/580 914/560/580 727/560/580
f 789/560/579 600/560/579 759/560/579 914/560/579
f 914/560/582 759/560/582 599/560/582 787/560/582
f 727/560/581 914/560/581 787/560/581 567/560/581
f 555/560/591 790/560/591 915/560/591 714/560/591
f 790/560/592 587/560/592 746/560/592 915/560/592
f 915/560/593 746/560/593 586/560/593 788/560/593
f 714/560/594 915/560/594 788/560/594 554/560/594
f 569/560/584 791/560/584 916/560/584 728/560/584
f 791/560/583 601/560/583 760/560/583 916/560/583
f 916/560/586 760/560/586 600/560/586 789/560/586
f 728/560/585 916/560/585 789/560/585 568/560/585
f 556/560/595 792/560/595 917/560/595 715/560/595
f 792/560/596 588/560/596 747/560/596 917/560/596
f 917/560/597 747/560/597 587/560/597 790/560/597
f 715/560/598 917/560/598 790/560/598 555/560/598
f 570/560/588 793/560/588 918/560/588 729/560/588
f 793/560/587 602/560/587 761/560/587 918/560/587
f 918/560/590 761/560/590 601/560/590 791/560/590
f 729/560/589 918/560/589 791/560/589 569/560/589
f 557/560/599 794/560/599 919/560/599 716/560/599
f 794/560/600 589/560/600 748/560/600 919/560/600
f 919/560/601 748/560/601 588/560/601 792/560/601
f 716/560/602 919/560/602 792/560/602 556/560/602
f 571/560/592 795/560/592 920/560/592 730/560/592
f 795/560/591 603/560/591 762/560/591 920/560/591
f 920/560/594 762/560/594 602/560/594 793/560/594
f 730/560/593 920/560/593 793/560/593 570/560/593
f 558/560/603 796/560/603 921/560/603 717/560/603
f 796/560/604 590/560/604 749/560/604 921/560/604
f 921/560/605 749/560/605 589/560/605 794/560/605
f 717/560/606 921/560/606 794/560/606 557/560/606
f 572/560/596 797/560/596 922/560/596 731/560/596
f 797/560/595 604/560/595 763/560/595 922/560/595
f 922/560/598 763/560/598 603/560/598 795/560/598
f 731/560/597 922/560/597 795/560/597 571/560/597
f 559/560/607 798/560/607 923/560/607 718/560/607
f 798/560/608 591/560/608 750/560/608 923/560/608
f 923/560/609 750/560/609 590/560/609 796/560/609
f 718/560/610 923/560/610 796/560/610 558/560/610
f 573/560/600 799/560/600 924/560/600 732/560/600
f 799/560/599 605/560/599 764/560/599 924/560/599
f 924/560/602 764/560/602 604/560/602 797/560/602
f 732/560/601 924/560/601 797/560/601 572/560/601
f 560/560/552 800/560/552 925/560/552 719/560/552
f 800/560/551 592/560/551 751/560/551 925/560/551
f 925/560/554 751/560/554 591/560/554 798/560/554
f 719/560/553 925/560/553 798/560/553 559/560/553
f 574/560/604 801/560/604 926/560/604 733/560/604
f 801/560/603 606/560/603 765/560/603 926/560/603
f 926/560/606 765/560/606 605/560/606 799/560/606
f 733/560/605 926/560/605 799/560/605 573/560/605
f 561/560/564 802/560/564 927/560/564 720/560/564
f 802/560/563 593/560/563 752/560/563 927/560/563
f 927/560/566 752/560/566 592/560/566 800/560/566
f 720/560/565 927/560/565 800/560/565 560/560/565
f 548/560/568 771/560/568 928/560/568 707/560/568
f 771/560/567 580/560/567 739/560/567 928/560/567
f 928/560/570 739/560/570 579/560/570 784/560/570
f 707/560/569 928/560/569 784/560/569 547/560/569
f 575/560/608 773/560/608 929/560/608 734/560/608
f 773/560/607 607/560/607 766/560/607 929/560/607
f 929/560/610 766/560/610 606/560/610 801/560/610
f 734/560/609 929/560/609 801/560/609 574/560/609
f 562/560/576 775/560/576 930/560/576 721/560/576
f 775/560/575 594/560/575 753/560/575 930/560/575
f 930/560/578 753/560/578 593/560/578 802/560/578
f 721/560/577 930/560/577 802/560/577 561/560/577
f 483/560/611 611/560/611 931/560/611 803/560/611
f 611/560/612 484/560/612 804/560/612 931/560/612
f 931/560/613 804/560/613 548/560/613 707/560/613
f 803/560/614 931/560/614 707/560/614 547/560/614
f 484/560/615 612/560/615 932/560/615 804/560/615
f 612/560/616 485/560/616 805/560/616 932/560/616
f 932/560/617 805/560/617 549/560/617 708/560/617
f 804/560/618 932/560/618 708/560/618 548/560/618
f 485/560/619 613/560/619 933/560/619 805/560/619
f 613/560/620 486/560/620 806/560/620 933/560/620
f 933/560/621 806/560/621 550/560/621 709/560/621
f 805/560/622 933/560/622 709/560/622 549/560/622
f 486/560/623 614/560/623 934/560/623 806/560/623
f 614/560/624 487/560/624 807/560/624 934/560/624
f 934/560/625 807/560/625 551/560/625 710/560/625
f 806/560/626 934/560/626 710/560/626 550/560/626
f 487/560/627 615/560/627 935/560/627 807/560/627
f 615/560/628 488/560/628 808/560/628 935/560/628
f 935/560/629 808/560/629 552/560/629 711/560/629
f 807/560/630 935/560/630 711/560/630 551/560/630
f 488/560/631 616/560/631 936/560/631 808/560/631
f 616/560/632 489/560/632 809/560/632 936/560/632
f 936/560/633 809/560/633 553/560/633 712/560/633
f 808/560/634 936/560/634 712/560/634 552/560/634
f 489/560/635 617/560/635 937/560/635 809/560/635
f 617/560/636 490/560/636 810/560/636 937/560/636
f 937/560/637 810/560/637 554/560/637 713/560/637
f 809/560/638 937/560/638 713/560/638 553/560/638
f 490/560/639 618/560/639 938/560/639 810/560/639
f 618/560/640 491/560/640 811/560/640 938/560/640
f 938/560/641 811/560/641 555/560/641 714/560/641
f 810/560/642 938/560/642 714/560/642 554/560/642
f 491/560/643 619/560/643 939/560/643 811/560/643
f 619/560/644 492/560/644 812/560/644 939/560/644
f 939/560/645 812/560/645 556/560/645 715/560/645
f 811/560/646 939/560/646 715/560/646 555/560/646
f 492/560/647 620/560/647 940/560/647 812/560/647
f 620/560/648 493/560/648 813/560/648 940/560/648
f 940/560/649 813/560/649 557/560/649 716/560/649
f 812/560/650 940/560/650 716/560/650 556/560/650
f 493/560/651 621/560/651 941/560/651 813/560/651
f 621/560/652 494/560/652 814/560/652 941/560/652
f 941/560/653 814/560/653 558/560/653 717/560/653
f 813/560/654 941/560/654 717/560/654 557/560/654
f 494/560/655 622/560/655 942/560/655 814/560/655
f 622/560/656 495/560/656 815/560/656 942/560/656
f 942/560/657 815/560/657 559/560/657 718/560/657
f 814/560/658 942/560/658 718/560/658 558/560/658
f 495/560/659 623/560/659 943/560/659 815/560/659
f 623/560/660 496/560/660 816/560/660 943/560/660
f 943/560/661 816/560/661 560/560/661 719/560/661
f 815/560/662 943/560/662 719/560/662 559/560/662
f 496/560/663 624/560/663 944/560/663 816/560/663
f 624/560/664 497/560/664 817/560/664 944/560/664
f 944/560/665 817/560/665 561/560/665 720/560/665
f 816/560/666 944/560/666 720/560/666 560/560/666
f 497/560/667 625/560/667 945/560/667 817/560/667
f 625/560/668 498/560/668 818/560/668 945/560/668
f 945/560/669 818/560/669 562/560/669 721/560/669
f 817/560/670 945/560/670 721/560/670 561/560/670
f 498/560/671 626/560/671 946/560/671 818/560/671
f 626/560/672 499/560/672 819/560/672 946/560/672
f 946/560/673 819/560/673 563/560/673 722/560/673
f 818/560/674 946/560/674 722/560/674 562/560/674
f 499/560/675 627/560/675 947/560/675 819/560/675
f 627/560/676 500/560/676 820/560/676 947/560/676
f 947/560/677 820/560/677 564/560/677 723/560/677
f 819/560/678 947/560/678 723/560/678 563/560/678
f 500/560/679 628/560/679 948/560/679 820/560/679
f 628/560/680 501/560/680 821/560/680 948/560/680
f 948/560/681 821/560/681 565/560/681 724/560/681
f 820/560/682 948/560/682 724/560/682 564/560/682
f 501/560/683 629/560/683 949/560/683 821/560/683
f 629/560/684 502/560/684 822/560/684 949/560/684
f 949/560/685 822/560/685 566/560/685 725/560/685
f 821/560/686 949/560/686 725/560/686 565/560/686
f 502/560/687 630/560/687 950/560/687 822/560/687
f 630/560/688 503/560/688 823/560/688 950/560/688
f 950/560/689 823/560/689 567/560/689 726/560/689
f 822/560/690 950/560/690 726/560/690 566/560/690
f 503/560/691 631/560/691 951/560/691 823/560/691
f 631/560/692 504/560/692 824/560/692 951/560/692
f 951/560/693 824/560/693 568/560/693 727/560/693
f 823/560/694 951/560/694 727/560/694 567/560/694
f 504/560/695 632/560/695 952/560/695 824/560/695
f 632/560/696 505/560/696 825/560/696 952/560/696
f 952/560/697 825/560/697 569/560/697 728/560/697
f 824/560/698 952/560/698 728/560/698 568/560/698
f 505/560/699 633/560/699 953/560/699 825/560/699
f 633/560/700 506/560/700 826/560/700 953/560/700
f 953/560/701 826/560/701 570/560/701 729/560/701
f 825/560/702 953/560/702 729/560/702 569/560/702
f 506/560/703 634/560/703 954/560/703 826/560/703
f 634/560/704 507/560/704 827/560/704 954/560/704
f 954/560/705 827/560/705 571/560/705 730/560/705
f 826/560/706 954/560/706 730/560/706 570/560/706
f 507/560/707 635/560/707 955/560/707 827/560/707
f 635/560/708 508/560/708 828/560/708 955/560/708
f 955/560/709 828/560/709 572/560/709 731/560/709
f 827/560/710 955/560/710 731/560/710 571/560/710
f 508/560/711 636/560/711 956/560/711 828/560/711
f 636/560/712 509/560/712 829/560/712 956/560/712
f 956/560/713 829/560/713 573/560/713 732/560/713
f 828/560/714 956/560/714 732/560/714 572/560/714
f 509/560/715 637/560/715 957/560/715 829/560/715
f 637/560/716 510/560/716 830/560/716 957/560/716
f 957/560/717 830/560/717 574/560/717 733/560/717
f 829/560/718 957/560/718 733/560/718 573/560/718
f 510/560/719 638/560/719 958/560/719 830/560/719
f 638/560/720 511/560/720 831/560/720 958/560/720
f 958/560/721 831/560/721 575/560/721 734/560/721
f 830/560/722 958/560/722 734/560/722 574/560/722
f 511/560/723 639/560/723 959/560/723 831/560/723
f 639/560/724 512/560/724 832/560/724 959/560/724
f 959/560/725 832/560/725 576/560/725 735/560/725
f 831/560/726 959/560/726 735/560/726 575/560/726
f 512/560/727 640/560/727 960/560/727 832/560/727
f 640/560/728 513/560/728 833/560/728 960/560/728
f 960/560/729 833/560/729 577/560/729 736/560/729
f 832/560/730 960/560/730 736/560/730 576/560/730
f 513/560/731 641/560/731 961/560/731 833/560/731
f 641/560/732 514/560/732 834/560/732 961/560/732
f 961/560/733 834/560/733 578/560/733 737/560/733
f 833/560/734 961/560/734 737/560/734 577/560/734
f 514/560/735 642/560/735 962/560/735 834/560/735
f 642/560/736 483/560/736 803/560/736 962/560/736
f 962/560/737 803/560/737 547/560/737 738/560/737
f 834/560/738 962/560/738 738/560/738 578/560/738
f 516/560/676 643/560/676 963/560/676 836/560/676
f 643/560/675 515/560/675 835/560/675 963/560/675
f 963/560/678 835/560/678 579/560/678 739/560/678
f 836/560/677 963/560/677 739/560/677 580/560/677
f 517/560/680 644/560/680 964/560/680 837/560/680
f 644/560/739 516/560/739 836/560/739 964/560/739
f 964/560/682 836/560/682 580/560/682 740/560/682
f 837/560/740 964/560/740 740/560/740 581/560/740
f 518/560/684 645/560/684 965/560/684 838/560/684
f 645/560/683 517/560/683 837/560/683 965/560/683
f 965/560/686 837/560/686 581/560/686 741/560/686
f 838/560/685 965/560/685 741/560/685 582/560/685
f 519/560/688 646/560/688 966/560/688 839/560/688
f 646/560/687 518/560/687 838/560/687 966/560/687
f 966/560/690 838/560/690 582/560/690 742/560/690
f 839/560/689 966/560/689 742/560/689 583/560/689
f 520/560/692 647/560/692 967/560/692 840/560/692
f 647/560/691 519/560/691 839/560/691 967/560/691
f 967/560/694 839/560/694 583/560/694 743/560/694
f 840/560/693 967/560/693 743/560/693 584/560/693
f 521/560/696 648/560/696 968/560/696 841/560/696
f 648/560/695 520/560/695 840/560/695 968/560/695
f 968/560/698 840/560/698 584/560/698 744/560/698
f 841/560/697 968/560/697 744/560/697 585/560/697
f 522/560/741 649/560/741 969/560/741 842/560/741
f 649/560/699 521/560/699 841/560/699 969/560/699
f 969/560/702 841/560/702 585/560/702 745/560/702
f 842/560/742 969/560/742 745/560/742 586/560/742
f 523/560/704 650/560/704 970/560/704 843/560/704
f 650/560/703 522/560/703 842/560/703 970/560/703
f 970/560/743 842/560/743 586/560/743 746/560/743
f 843/560/705 970/560/705 746/560/705 587/560/705
f 524/560/708 651/560/708 971/560/708 844/560/708
f 651/560/707 523/560/707 843/560/707 971/560/707
f 971/560/710 843/560/710 587/560/710 747/560/710
f 844/560/709 971/560/709 747/560/709 588/560/709
f 525/560/712 652/560/712 972/560/712 845/560/712
f 652/560/744 524/560/744 844/560/744 972/560/744
f 972/560/714 844/560/714 588/560/714 748/560/714
f 845/560/713 972/560/713 748/560/713 589/560/713
f 526/560/716 653/560/716 973/560/716 846/560/716
f 653/560/715 525/560/715 845/560/715 973/560/715
f 973/560/718 845/560/718 589/560/718 749/560/718
f 846/560/717 973/560/717 749/560/717 590/560/717
f 527/560/720 654/560/720 974/560/720 847/560/720
f 654/560/719 526/560/719 846/560/719 974/560/719
f 974/560/722 846/560/722 590/560/722 750/560/722
f 847/560/721 974/560/721 750/560/721 591/560/721
f 528/560/724 655/560/724 975/560/724 848/560/724
f 655/560/723 527/560/723 847/560/723 975/560/723
f 975/560/726 847/560/726 591/560/726 751/560/726
f 848/560/725 975/560/725 751/560/725 592/560/725
f 529/560/728 656/560/728 976/560/728 849/560/728
f 656/560/727 528/560/727 848/560/727 976/560/727
f 976/560/730 848/560/730 592/560/730 752/560/730
f 849/560/729 976/560/729 752/560/729 593/560/729
f 530/560/745 657/560/745 977/560/745 850/560/745
f 657/560/731 529/560/731 849/560/731 977/560/731
f 977/560/746 849/560/746 593/560/746 753/560/746
f 850/560/733 977/560/733 753/560/733 594/560/733
f 531/560/736 658/560/736 978/560/736 851/560/736
f 658/560/735 530/560/735 850/560/735 978/560/735
f 978/560/738 850/560/738 594/560/738 754/560/738
f 851/560/737 978/560/737 754/560/737 595/560/737
f 532/560/612 659/560/612 979/560/612 852/560/612
f 659/560/611 531/560/611 851/560/611 979/560/611
f 979/560/614 851/560/614 595/560/614 755/560/614
f 852/560/613 979/560/613 755/560/613 596/560/613
f 533/560/616 660/560/616 980/560/616 853/560/616
f 660/560/747 532/560/747 852/560/747 980/560/747
f 980/560/618 852/560/618 596/560/618 756/560/618
f 853/560/748 980/560/748 756/560/748 597/560/748
f 534/560/620 661/560/620 981/560/620 854/560/620
f 661/560/619 533/560/619 853/560/619 981/560/619
f 981/560/622 853/560/622 597/560/622 757/560/622
f 854/560/621 981/560/621 757/560/621 598/560/621
f 535/560/624 662/560/624 982/560/624 855/560/624
f 662/560/623 534/560/623 854/560/623 982/560/623
f 982/560/626 854/560/626 598/560/626 758/560/626
f 855/560/625 982/560/625 758/560/625 599/560/625
f 536/560/628 663/560/628 983/560/628 856/560/628
f 663/560/627 535/560/627 855/560/627 983/560/627
f 983/560/630 855/560/630 599/560/630 759/560/630
f 856/560/629 983/560/629 759/560/629 600/560/629
f 537/560/632 664/560/632 984/560/632 857/560/632
f 664/560/631 536/560/631 856/560/631 984/560/631
f 984/560/634 856/560/634 600/560/634 760/560/634
f 857/560/633 984/560/633 760/560/633 601/560/633
f 538/560/749 665/560/749 985/560/749 858/560/749
f 665/560/635 537/560/635 857/560/635 985/560/635
f 985/560/638 857/560/638 601/560/638 761/560/638
f 858/560/750 985/560/750 761/560/750 602/560/750
f 539/560/640 666/560/640 986/560/640 859/560/640
f 666/560/751 538/560/751 858/560/751 986/560/751
f 986/560/642 858/560/642 602/560/642 762/560/642
f 859/560/641 986/560/641 762/560/641 603/560/641
f 540/560/644 667/560/644 987/560/644 860/560/644
f 667/560/643 539/560/643 859/560/643 987/560/643
f 987/560/646 859/560/646 603/560/646 763/560/646
f 860/560/645 987/560/645 763/560/645 604/560/645
f 541/560/648 668/560/648 988/560/648 861/560/648
f 668/560/752 540/560/752 860/560/752 988/560/752
f 988/560/650 860/560/650 604/560/650 764/560/650
f 861/560/649 988/560/649 764/560/649 605/560/649
f 542/560/652 669/560/652 989/560/652 862/560/652
f 669/560/651 541/560/651 861/560/651 989/560/651
f 989/560/753 861/560/753 605/560/753 765/560/753
f 862/560/653 989/560/653 765/560/653 606/560/653
f 543/560/656 670/560/656 990/560/656 863/560/656
f 670/560/655 542/560/655 862/560/655 990/560/655
f 990/560/658 862/560/658 606/560/658 766/560/658
f 863/560/657 990/560/657 766/560/657 607/560/657
f 544/560/660 671/560/660 991/560/660 864/560/660
f 671/560/659 543/560/659 863/560/659 991/560/659
f 991/560/662 863/560/662 607/560/662 767/560/662
f 864/560/661 991/560/661 767/560/661 608/560/661
f 545/560/664 672/560/664 992/560/664 865/560/664
f 672/560/663 544/560/663 864/560/663 992/560/663
f 992/560/666 864/560/666 608/560/666 768/560/666
f 865/560/665 992/560/665 768/560/665 609/560/665
f 546/560/668 673/560/668 993/560/668 866/560/668
f 673/560/667 545/560/667 865/560/667 993/560/667
f 993/560/754 865/560/754 609/560/754 769/560/754
f 866/560/669 993/560/669 769/560/669 610/560/669
f 515/560/672 674/560/672 994/560/672 835/560/672
f 674/560/671 546/560/671 866/560/671 994/560/671
f 994/560/674 866/560/674 610/560/674 770/560/674
f 835/560/673 994/560/673 770/560/673 579/560/673
o Circle
v -69.423698 39.754623 -149.823135
v -98.111877 56.317749 -146.944321
v -125.697571 72.244354 -138.418533
v -151.120728 86.922417 -124.573387
v -173.404282 99.787834 -105.940964
v -191.691925 110.346207 -83.237282
v -205.280838 118.191772 -57.334835
v -213.648880 123.023071 -29.229046
v -216.474426 124.654388 -0.000001
v -213.648880 123.023071 29.229046
v -205.280853 118.191788 57.334835
v -191.691925 110.346207 83.237282
v -173.404282 99.787834 105.940964
v -151.120712 86.922409 124.573380
v -125.697571 72.244354 138.418518
v -98.111877 56.317749 146.944321
v -69.423698 39.754623 149.823135
v -40.735516 23.191496 146.944321
v -13.149815 7.264889 138.418518
v 12.273323 -7.413170 124.573387
v 34.556885 -20.278587 105.940964
v 52.844521 -30.836964 83.237267
v 66.433456 -38.682537 57.334827
v 74.801498 -43.513828 29.229046
v 77.627045 -45.145153 -0.000001
v 74.801498 -43.513828 -29.229046
v 66.433472 -38.682545 -57.334835
v 52.844521 -30.836964 -83.237282
v 34.556885 -20.278587 -105.940964
v 12.273315 -7.413162 -124.573387
v -13.149815 7.264889 -138.418518
v -40.735516 23.191496 -146.944321
v -69.423698 39.754623 -152.958618
v -98.712250 56.664375 -150.019562
v -126.875259 72.924301 -141.315338
v -152.830460 87.909538 -127.180450
v -175.580368 101.044205 -108.158089
v -194.250748 111.823547 -84.979256
v -208.124069 119.833313 -58.534740
v -216.667206 124.765701 -29.840750
v -219.551880 126.431168 -0.000002
v -216.667221 124.765701 29.840748
v -208.124054 119.833298 58.534733
v -194.250732 111.823532 84.979263
v -175.580368 101.044205 108.158089
v -152.830444 87.909531 127.180450
v -126.875259 72.924301 141.315338
v -98.712250 56.664375 150.019562
v -69.423698 39.754623 152.958618
v -40.135136 22.844866 150.019562
v -11.972126 6.584946 141.315338
v 13.983063 -8.400291 127.180450
v 36.732971 -21.534954 108.158089
v 55.403351 -32.314304 84.979256
v 69.276688 -40.324070 58.534733
v 77.819824 -45.256458 29.840746
v 80.704498 -46.921925 -0.000002
v 77.819839 -45.256466 -29.840750
v 69.276672 -40.324062 -58.534740
v 55.403343 -32.314297 -84.979263
v 36.732971 -21.534954 -108.158089
v 13.983055 -8.400284 -127.180458
v -11.972126 6.584946 -141.315338
v -40.135136 22.844866 -150.019562
v -69.990364 38.773129 -149.823135
v -98.678543 55.336250 -146.944321
v -126.264252 71.262871 -138.418518
v -151.687378 85.940918 -124.573387
v -173.970947 98.806335 -105.940964
v -192.258575 109.364700 -83.237267
v -205.847504 117.210281 -57.334835
v -214.215546 122.041580 -29.229046
v -217.041077 123.672897 0.000000
v -214.215546 122.041580 29.229046
v -205.847519 117.210297 57.334835
v -192.258591 109.364716 83.237282
v -173.970947 98.806335 105.940948
v -151.687378 85.940918 124.573372
v -126.264252 71.262871 138.418518
v -98.678543 55.336250 146.944321
v -69.990364 38.773129 149.823135
v -41.302185 22.210001 146.944321
v -13.716473 6.283386 138.418518
v 11.706657 -8.394665 124.573387
v 33.990211 -21.260078 105.940964
v 52.277847 -31.818447 83.237267
v 65.866791 -39.664028 57.334835
v 74.234833 -44.495319 29.229046
v 77.060364 -46.126644 0.000000
v 74.234833 -44.495319 -29.229046
v 65.866806 -39.664036 -57.334835
v 52.277863 -31.818462 -83.237282
v 33.990219 -21.260082 -105.940948
v 11.706650 -8.394657 -124.573372
v -13.716473 6.283386 -138.418518
v -41.302185 22.210001 -146.944321
v -69.990364 38.773129 -152.958618
v -99.278923 55.682884 -150.019562
v -127.441940 71.942810 -141.315338
v -153.397125 86.928040 -127.180458
v -176.147034 100.062706 -108.158089
v -194.817413 110.842041 -84.979256
v -208.690720 118.851807 -58.534744
v -217.233871 123.784210 -29.840750
v -220.118546 125.449677 -0.000001
v -217.233887 123.784210 29.840748
v -208.690720 118.851807 58.534737
v -194.817413 110.842041 84.979263
v -176.147034 100.062706 108.158081
v -153.397125 86.928040 127.180450
v -127.441940 71.942810 141.315338
v -99.278923 55.682884 150.019562
v -69.990364 38.773129 152.958618
v -40.701801 21.863369 150.019562
v -12.538780 5.603447 141.315338
v 13.416397 -9.381786 127.180450
v 36.166306 -22.516449 108.158089
v 54.836678 -33.295788 84.979256
v 68.710007 -41.305553 58.534733
v 77.253159 -46.237949 29.840746
v 80.137833 -47.903416 -0.000001
v 77.253174 -46.237957 -29.840752
v 68.710007 -41.305553 -58.534737
v 54.836678 -33.295788 -84.979263
v 36.166306 -22.516449 -108.158089
v 13.416389 -9.381779 -127.180450
v -12.538780 5.603447 -141.315338
v -40.701805 21.863371 -150.019562
v -83.837128 48.076225 -149.101105
v -112.110107 64.399628 -143.371231
v -138.742676 79.775955 -132.131683
v -162.711334 93.614258 -115.814392
v -183.095001 105.382782 -95.046425
v -199.110352 114.629242 -70.625870
v -210.141922 120.998322 -43.491192
v -215.765762 124.245239 -14.685178
v -215.765762 124.245239 14.685178
v -210.141922 120.998322 43.491192
v -199.110352 114.629242 70.625870
v -183.095001 105.382767 95.046417
v -162.711334 93.614265 115.814392
v -138.742676 79.775955 132.131683
v -112.110107 64.399628 143.371231
v -83.837128 48.076221 149.101120
v -55.010258 31.433022 149.101105
v -26.737282 15.109612 143.371231
v -0.104721 -0.266705 132.131683
v 23.863937 -14.105015 115.814384
v 44.247612 -25.873539 95.046425
v 60.262970 -35.119999 70.625870
v 71.294540 -41.489079 43.491188
v 76.918381 -44.736004 14.685177
v 76.918381 -44.736004 -14.685178
v 71.294540 -41.489079 -43.491196
v 60.262970 -35.119999 -70.625870
v 44.247604 -25.873531 -95.046417
v 23.863945 -14.105019 -115.814392
v -0.104721 -0.266705 -132.131699
v -26.737286 15.109615 -143.371231
v -55.010258 31.433022 -149.101120
v -84.138771 48.250378 -152.221497
v -113.003448 64.915398 -146.371719
v -140.193375 80.613510 -134.896942
v -164.663666 94.741432 -118.238159
v -185.473907 106.756241 -97.035553
v -201.824432 116.196213 -72.103928
v -213.086853 122.698578 -44.401375
v -218.828400 126.013458 -14.992512
v -218.828400 126.013458 14.992506
v -213.086868 122.698578 44.401375
v -201.824417 116.196213 72.103920
v -185.473907 106.756241 97.035553
v -164.663666 94.741432 118.238144
v -140.193375 80.613510 134.896942
v -113.003441 64.915398 146.371704
v -84.138771 48.250378 152.221497
v -54.708614 31.258869 152.221497
v -25.843945 14.593843 146.371719
v 1.345978 -1.104267 134.896927
v 25.816261 -15.232185 118.238152
v 46.626518 -27.246998 97.035553
v 62.977051 -36.686977 72.103920
v 74.239471 -43.189342 44.401367
v 79.981018 -46.504223 14.992506
v 79.981018 -46.504223 -14.992511
v 74.239487 -43.189342 -44.401379
v 62.977036 -36.686970 -72.103920
v 46.626518 -27.246998 -97.035561
v 25.816261 -15.232185 -118.238152
v 1.345978 -1.104263 -134.896957
v -25.843948 14.593845 -146.371704
v -54.708614 31.258869 -152.221497
v -98.305817 56.675095 -148.481949
v -126.180176 72.768356 -139.866943
v -151.869324 87.600006 -125.876923
v -174.386063 100.600037 -107.049515
v -192.865067 111.268906 -84.108261
v -206.596222 119.196594 -57.934788
v -215.051804 124.078415 -29.534899
v -217.906891 125.726807 -0.000001
v -215.051804 124.078415 29.534893
v -206.596222 119.196594 57.934788
v -192.865067 111.268906 84.108276
v -174.386063 100.600037 107.049515
v -151.869324 87.600006 125.876907
v -126.180176 72.768364 139.866943
v -98.305817 56.675095 148.481934
v -69.317444 39.938652 151.390869
v -40.329075 23.202209 148.481949
v -12.454716 7.108944 139.866943
v 13.234444 -7.722698 125.876915
v 35.751175 -20.722736 107.049515
v 54.230179 -31.391590 84.108261
v 67.961334 -39.319279 57.934784
v 76.416916 -44.201107 29.534895
v 79.272003 -45.849499 -0.000001
v 76.416916 -44.201107 -29.534899
v 67.961334 -39.319279 -57.934788
v 54.230179 -31.391590 -84.108276
v 35.751175 -20.722736 -107.049515
v 13.234444 -7.722698 -125.876915
v -12.454712 7.108940 -139.866943
v -40.329079 23.202211 -148.481949
v -69.317444 39.938652 -151.390869
v -84.403801 47.094727 -149.101105
v -112.676773 63.418137 -143.371231
v -139.309326 78.794449 -132.131699
v -163.278000 92.632767 -115.814392
v -183.661682 104.401291 -95.046410
v -199.677032 113.647751 -70.625870
v -210.708588 120.016830 -43.491192
v -216.332443 123.263763 -14.685178
v -216.332428 123.263748 14.685178
v -210.708588 120.016830 43.491196
v -199.677032 113.647751 70.625862
v -183.661682 104.401291 95.046417
v -163.277985 92.632767 115.814392
v -139.309341 78.794449 132.131699
v -112.676773 63.418137 143.371246
v -84.403801 47.094727 149.101120
v -55.576923 30.451527 149.101105
v -27.303944 14.128115 143.371231
v -0.671394 -1.248196 132.131699
v 23.297272 -15.086514 115.814392
v 43.680946 -26.855030 95.046410
v 59.696320 -36.101498 70.625870
v 70.727875 -42.470570 43.491192
v 76.351730 -45.717503 14.685178
v 76.351715 -45.717495 -14.685178
v 70.727875 -42.470570 -43.491196
v 59.696320 -36.101498 -70.625862
v 43.680946 -26.855030 -95.046417
v 23.297264 -15.086506 -115.814392
v -0.671387 -1.248203 -132.131699
v -27.303947 14.128117 -143.371246
v -55.576923 30.451527 -149.101120
v -84.705444 47.268883 -152.221497
v -113.570114 63.933907 -146.371719
v -140.760040 79.632019 -134.896942
v -165.230316 93.759933 -118.238174
v -186.040573 105.774734 -97.035545
v -202.391098 115.214722 -72.103928
v -213.653534 121.717087 -44.401379
v -219.395065 125.031967 -14.992511
v -219.395081 125.031982 14.992506
v -213.653534 121.717102 44.401375
v -202.391113 115.214737 72.103920
v -186.040588 105.774750 97.035553
v -165.230316 93.759933 118.238152
v -140.760040 79.632019 134.896957
v -113.570114 63.933907 146.371719
v -84.705444 47.268883 152.221481
v -55.275284 30.277372 152.221497
v -26.410610 13.612349 146.371704
v 0.779312 -2.085758 134.896942
v 25.249596 -16.213680 118.238152
v 46.059845 -28.228481 97.035545
v 62.410385 -37.668468 72.103920
v 73.672821 -44.170834 44.401375
v 79.414352 -47.485714 14.992506
v 79.414368 -47.485722 -14.992511
v 73.672821 -44.170841 -44.401379
v 62.410400 -37.668476 -72.103928
v 46.059860 -28.228497 -97.035561
v 25.249580 -16.213680 -118.238152
v 0.779312 -2.085766 -134.896957
v -26.410610 13.612349 -146.371719
v -55.275284 30.277372 -152.221481
v -99.084976 55.325539 -148.481949
v -126.959343 71.418808 -139.866943
v -152.648499 86.250450 -125.876923
v -175.165237 99.250488 -107.049522
v -193.644226 109.919342 -84.108276
v -207.375397 117.847031 -57.934784
v -215.830994 122.728882 -29.534899
v -218.686081 124.377258 -0.000000
v -215.830978 122.728867 29.534895
v -207.375397 117.847031 57.934784
v -193.644241 109.919357 84.108276
v -175.165237 99.250488 107.049515
v -152.648499 86.250443 125.876915
v -126.959343 71.418808 139.866943
v -99.084976 55.325539 148.481949
v -70.096611 38.589096 151.390884
v -41.108242 21.852655 148.481949
v -13.233879 5.759384 139.866943
v 12.455284 -9.072258 125.876915
v 34.972015 -22.072296 107.049515
v 53.451012 -32.741146 84.108276
v 67.182159 -40.668827 57.934784
v 75.637756 -45.550678 29.534893
v 78.492844 -47.199062 -0.000002
v 75.637741 -45.550663 -29.534901
v 67.182159 -40.668835 -57.934784
v 53.451019 -32.741154 -84.108276
v 34.972015 -22.072296 -107.049515
v 12.455276 -9.072254 -125.876915
v -13.233879 5.759384 -139.866943
v -41.108246 21.852655 -148.481949
v -70.096611 38.589096 -151.390884
v -69.707031 39.263874 -149.235229
v -98.282639 55.762009 -146.367722
v -125.760094 71.626129 -137.875366
v -151.083466 86.246582 -124.084557
v -173.279572 99.061508 -105.525238
v -191.495468 109.578461 -82.910652
v -205.031082 117.393250 -57.109848
v -213.366287 122.205566 -29.114351
v -216.180740 123.830505 -0.000000
v -213.366302 122.205582 29.114351
v -205.031082 117.393250 57.109852
v -191.495468 109.578461 82.910660
v -173.279572 99.061508 105.525238
v -151.083466 86.246574 124.084557
v -125.760086 71.626122 137.875366
v -98.282639 55.762009 146.367706
v -69.707031 39.263874 149.235229
v -41.131420 22.765741 146.367722
v -13.653961 6.901623 137.875366
v 11.669411 -7.718834 124.084557
v 33.865517 -20.533760 105.525238
v 52.081406 -31.050709 82.910652
v 65.617020 -38.865498 57.109848
v 73.952225 -43.677822 29.114351
v 76.766678 -45.302753 -0.000000
v 73.952240 -43.677837 -29.114351
v 65.617020 -38.865498 -57.109852
v 52.081406 -31.050709 -82.910660
v 33.865517 -20.533760 -105.525238
v 11.669403 -7.718826 -124.084557
v -13.653965 6.901627 -137.875366
v -41.131420 22.765741 -146.367706
v -69.707031 39.263874 -153.546524
v -99.108154 56.238625 -150.596191
v -127.379433 72.561050 -141.858521
v -153.434372 87.603874 -127.669281
v -176.271729 100.789017 -108.573799
v -195.013855 111.609787 -85.305885
v -208.940521 119.650360 -58.759724
v -217.516525 124.601715 -29.955446
v -220.412247 126.273560 -0.000003
v -217.516495 124.601700 29.955439
v -208.940521 119.650360 58.759720
v -195.013855 111.609802 85.305885
v -176.271713 100.789017 108.573799
v -153.434372 87.603874 127.669281
v -127.379425 72.561050 141.858521
v -99.108154 56.238625 150.596191
v -69.707031 39.263874 153.546524
v -40.305897 22.289125 150.596191
v -12.034622 5.966698 141.858521
v 14.020309 -9.076126 127.669273
v 36.857658 -22.261272 108.573792
v 55.599785 -33.082043 85.305885
v 69.526459 -41.122616 58.759716
v 78.102463 -46.073963 29.955439
v 80.998184 -47.745815 -0.000003
v 78.102432 -46.073956 -29.955446
v 69.526459 -41.122616 -58.759720
v 55.599792 -33.082050 -85.305885
v 36.857651 -22.261269 -108.573807
v 14.020309 -9.076126 -127.669289
v -12.034630 5.966702 -141.858521
v -40.305897 22.289125 -150.596191
v -112.450523 64.841545 -144.871475
v -139.361755 80.378754 -133.514313
v -163.581238 94.361870 -117.026268
v -184.178192 106.253540 -96.040977
v -200.361145 115.596771 -71.364891
v -211.508148 122.032486 -43.946285
v -217.190826 125.313385 -14.838843
v -217.190826 125.313385 14.838841
v -211.508148 122.032486 43.946281
v -200.361160 115.596771 71.364891
v -184.178192 106.253540 96.040977
v -163.581238 94.361870 117.026276
v -139.361755 80.378754 133.514313
v -112.450516 64.841545 144.871475
v -83.881699 48.347328 150.661285
v -54.753189 31.529976 150.661316
v -26.184364 15.035759 144.871475
v 0.726875 -0.501450 133.514313
v 24.946342 -14.484566 117.026260
v 45.543312 -26.376225 96.040977
v 61.726257 -35.719456 71.364891
v 72.873260 -42.155178 43.946278
v 78.555939 -45.436077 14.838841
v 78.555939 -45.436077 -14.838843
v 72.873260 -42.155178 -43.946281
v 61.726273 -35.719456 -71.364891
v 45.543312 -26.376225 -96.040977
v 24.946342 -14.484566 -117.026276
v 0.726875 -0.501450 -133.514313
v -26.184368 15.035761 -144.871490
v -54.753189 31.529976 -150.661285
v -83.881699 48.347328 -150.661316
v -113.229683 63.491985 -144.871490
v -140.140930 79.029198 -133.514313
v -164.360413 93.012314 -117.026276
v -184.957382 104.903992 -96.040977
v -201.140320 114.247208 -71.364891
v -212.287323 120.682938 -43.946285
v -217.970001 123.963837 -14.838843
v -217.970001 123.963837 14.838840
v -212.287323 120.682938 43.946278
v -201.140320 114.247208 71.364891
v -184.957367 104.903992 96.040977
v -164.360413 93.012314 117.026276
v -140.140930 79.029190 133.514313
v -113.229691 63.491989 144.871475
v -84.660873 46.997772 150.661285
v -55.532356 30.180420 150.661316
v -26.963539 13.686207 144.871475
v -0.052292 -1.851006 133.514313
v 24.167183 -15.834126 117.026268
v 44.764160 -27.725796 96.040977
v 60.947083 -37.069012 71.364891
v 72.094086 -43.504734 43.946281
v 77.776764 -46.785633 14.838842
v 77.776764 -46.785633 -14.838842
v 72.094086 -43.504734 -43.946278
v 60.947083 -37.069012 -71.364891
v 44.764153 -27.725788 -96.040993
v 24.167183 -15.834126 -117.026276
v -0.052299 -1.851002 -133.514313
v -26.963531 13.686203 -144.871475
v -55.532352 30.180418 -150.661316
v -84.660866 46.997772 -150.661316
v -84.063904 47.552822 -148.516022
v -112.225937 63.812172 -142.808655
v -138.753998 79.128159 -131.613205
v -162.628616 92.912170 -115.359940
v -182.932312 104.634506 -94.673470
v -198.884811 113.844696 -70.348732
v -209.873077 120.188766 -43.320526
v -215.474854 123.422958 -14.627554
v -215.474854 123.422958 14.627553
v -209.873093 120.188782 43.320526
v -198.884811 113.844696 70.348732
v -182.932297 104.634506 94.673470
v -162.628616 92.912170 115.359947
v -138.753998 79.128159 131.613205
v -112.225937 63.812172 142.808640
v -84.063904 47.552822 148.516037
v -55.350151 30.974926 148.516022
v -27.188122 14.715574 142.808655
v -0.660065 -0.600407 131.613205
v 23.214554 -14.384422 115.359940
v 43.518242 -26.106762 94.673470
v 59.470749 -35.316944 70.348732
v 70.459015 -41.661022 43.320526
v 76.060791 -44.895214 14.627553
v 76.060791 -44.895206 -14.627553
v 70.459030 -41.661030 -43.320526
v 59.470749 -35.316944 -70.348732
v 43.518234 -26.106762 -94.673470
v 23.214554 -14.384422 -115.359947
v -0.660065 -0.600407 -131.613205
v -27.188122 14.715574 -142.808640
v -55.350151 30.974926 -148.516037
v -84.478668 47.792282 -152.806564
v -113.454277 64.521355 -146.934311
v -140.748703 80.279800 -135.415421
v -165.313049 94.462029 -118.692612
v -186.203278 106.523010 -97.408516
v -202.616653 115.999268 -72.381050
v -213.922394 122.526642 -44.572033
v -219.685974 125.854248 -15.050136
v -219.685959 125.854233 15.050132
v -213.922394 122.526642 44.572033
v -202.616653 115.999268 72.381050
v -186.203293 106.523010 97.408508
v -165.313049 94.462029 118.692612
v -140.748703 80.279800 135.415421
v -113.454269 64.521355 146.934296
v -84.478668 47.792282 152.806564
v -54.935390 30.735466 152.806534
v -25.959778 14.006392 146.934296
v 1.334641 -1.752052 135.415421
v 25.898987 -15.934280 118.692604
v 46.789223 -27.995258 97.408516
v 63.202591 -37.471523 72.381050
v 74.508331 -43.998890 44.572029
v 80.271912 -47.326504 15.050132
v 80.271896 -47.326488 -15.050134
v 74.508331 -43.998890 -44.572037
v 63.202591 -37.471523 -72.381058
v 46.789230 -27.995266 -97.408516
v 25.898987 -15.934280 -118.692612
v 1.334641 -1.752052 -135.415421
v -25.959785 14.006393 -146.934311
v -54.935390 30.735466 -152.806564
vn 0.4705 0.8727 -0.1305
vn 0.4609 0.8783 -0.1266
vn 0.5302 0.8384 0.1266
vn 0.5205 0.8438 0.1305
vn 0.4517 0.8839 -0.1216
vn 0.4429 0.8891 -0.1154
vn 0.5486 0.8281 0.1154
vn 0.5396 0.8331 0.1216
vn 0.4346 0.8941 -0.1081
vn 0.4268 0.8988 -0.0997
vn 0.5650 0.8191 0.0997
vn 0.5571 0.8234 0.1081
vn 0.4198 0.9031 -0.0904
vn 0.4135 0.9070 -0.0802
vn 0.5787 0.8116 0.0802
vn 0.5722 0.8151 0.0904
vn 0.4079 0.9104 -0.0692
vn 0.4032 0.9133 -0.0576
vn 0.5893 0.8058 0.0576
vn 0.5845 0.8085 0.0692
vn 0.3994 0.9156 -0.0454
vn 0.3965 0.9174 -0.0327
vn 0.5963 0.8021 0.0327
vn 0.5933 0.8037 0.0454
vn 0.3946 0.9186 -0.0198
vn 0.3936 0.9193 -0.0066
vn 0.5993 0.8005 0.0066
vn 0.5983 0.8010 0.0198
vn 0.3936 0.9193 0.0066
vn 0.3946 0.9186 0.0198
vn 0.5983 0.8010 -0.0198
vn 0.5993 0.8005 -0.0066
vn 0.3965 0.9174 0.0327
vn 0.3994 0.9156 0.0454
vn 0.5933 0.8037 -0.0454
vn 0.5963 0.8021 -0.0327
vn 0.4032 0.9133 0.0576
vn 0.4079 0.9104 0.0692
vn 0.5845 0.8085 -0.0692
vn 0.5893 0.8058 -0.0576
vn 0.4135 0.9070 0.0802
vn 0.4198 0.9031 0.0904
vn 0.5722 0.8151 -0.0904
vn 0.5787 0.8116 -0.0802
vn 0.4268 0.8988 0.0997
vn 0.4346 0.8941 0.1081
vn 0.5571 0.8234 -0.1081
vn 0.5650 0.8191 -0.0997
vn 0.4429 0.8891 0.1154
vn 0.4517 0.8839 0.1216
vn 0.5396 0.8331 -0.1216
vn 0.5486 0.8281 -0.1154
vn 0.4609 0.8783 0.1266
vn 0.4705 0.8727 0.1305
vn 0.5205 0.8438 -0.1305
vn 0.5302 0.8384 -0.1266
vn 0.4804 0.8669 0.1330
vn 0.4904 0.8611 0.1343
vn 0.5005 0.8552 -0.1343
vn 0.5106 0.8495 -0.1330
vn 0.5005 0.8553 0.1343
vn 0.5106 0.8495 0.1330
vn 0.4804 0.8669 -0.1330
vn 0.4904 0.8611 -0.1343
vn -0.5205 -0.8438 -0.1305
vn -0.4705 -0.8727 0.1305
vn -0.4609 -0.8783 0.1266
vn -0.5302 -0.8384 -0.1266
vn -0.5396 -0.8331 -0.1216
vn -0.4517 -0.8839 0.1216
vn -0.4429 -0.8891 0.1154
vn -0.5486 -0.8281 -0.1154
vn -0.5571 -0.8234 -0.1081
vn -0.4346 -0.8941 0.1081
vn -0.4268 -0.8988 0.0997
vn -0.5650 -0.8191 -0.0997
vn -0.5722 -0.8151 -0.0904
vn -0.4198 -0.9031 0.0904
vn -0.4135 -0.9070 0.0802
vn -0.5787 -0.8116 -0.0802
vn -0.5845 -0.8085 -0.0692
vn -0.4079 -0.9104 0.0692
vn -0.4032 -0.9133 0.0576
vn -0.5893 -0.8058 -0.0576
vn -0.5933 -0.8037 -0.0454
vn -0.3994 -0.9156 0.0454
vn -0.3965 -0.9174 0.0327
vn -0.5963 -0.8021 -0.0327
vn -0.5983 -0.8010 -0.0198
vn -0.3946 -0.9186 0.0198
vn -0.3936 -0.9193 0.0066
vn -0.5993 -0.8005 -0.0066
vn -0.5993 -0.8005 0.0066
vn -0.3936 -0.9193 -0.0066
vn -0.3946 -0.9186 -0.0198
vn -0.5983 -0.8010 0.0198
vn -0.5963 -0.8021 0.0327
vn -0.3965 -0.9174 -0.0327
vn -0.3994 -0.9156 -0.0454
vn -0.5933 -0.8037 0.0454
vn -0.5893 -0.8058 0.0576
vn -0.4032 -0.9133 -0.0576
vn -0.4079 -0.9104 -0.0692
vn -0.5845 -0.8085 0.0692
vn -0.5787 -0.8116 0.0802
vn -0.4135 -0.9070 -0.0802
vn -0.4198 -0.9031 -0.0904
vn -0.5722 -0.8151 0.0904
vn -0.5650 -0.8191 0.0997
vn -0.4268 -0.8988 -0.0997
vn -0.4346 -0.8941 -0.1081
vn -0.5571 -0.8234 0.1081
vn -0.5486 -0.8281 0.1154
vn -0.4429 -0.8891 -0.1154
vn -0.4517 -0.8839 -0.1216
vn -0.5396 -0.8331 0.1216
vn -0.5302 -0.8384 0.1266
vn -0.4609 -0.8783 -0.1266
vn -0.4705 -0.8727 -0.1305
vn -0.5205 -0.8438 0.1305
vn -0.5106 -0.8495 0.1330
vn -0.4804 -0.8669 -0.1330
vn -0.4904 -0.8611 -0.1343
vn -0.5005 -0.8552 0.1343
vn -0.4904 -0.8611 0.1343
vn -0.5005 -0.8553 -0.1343
vn -0.5106 -0.8495 -0.1330
vn -0.4804 -0.8669 0.1330
vn -0.5005 -0.8553 0.1343
vn 0.3859 0.6082 0.6937
vn 0.4381 0.5789 0.6877
vn -0.2823 -0.6689 0.6877
vn -0.3338 -0.6383 0.6937
vn 0.4903 0.5505 0.6757
vn 0.5418 0.5231 0.6578
vn -0.1821 -0.7308 0.6578
vn -0.2316 -0.6998 0.6757
vn 0.5925 0.4970 0.6340
vn 0.6417 0.4724 0.6042
vn -0.0883 -0.7919 0.6042
vn -0.1342 -0.7616 0.6340
vn 0.6891 0.4493 0.5686
vn 0.7340 0.4279 0.5274
vn -0.0035 -0.8496 0.5274
vn -0.0445 -0.8214 0.5686
vn 0.7761 0.4083 0.4806
vn 0.8145 0.3908 0.4287
vn 0.0688 -0.9008 0.4287
vn 0.0344 -0.8763 0.4806
vn 0.8490 0.3754 0.3719
vn 0.8787 0.3624 0.3108
vn 0.1255 -0.9422 0.3108
vn 0.0993 -0.9229 0.3719
vn 0.9032 0.3518 0.2458
vn 0.9221 0.3437 0.1779
vn 0.1634 -0.9704 0.1779
vn 0.1470 -0.9581 0.2458
vn 0.9349 0.3383 0.1076
vn 0.9413 0.3356 0.0361
vn 0.1801 -0.9830 0.0361
vn 0.1745 -0.9788 0.1076
vn 0.9413 0.3356 -0.0361
vn 0.9349 0.3383 -0.1076
vn 0.1745 -0.9788 -0.1076
vn 0.1801 -0.9830 -0.0361
vn 0.9221 0.3437 -0.1779
vn 0.9032 0.3518 -0.2458
vn 0.1470 -0.9581 -0.2458
vn 0.1634 -0.9704 -0.1779
vn 0.8787 0.3624 -0.3108
vn 0.8490 0.3754 -0.3719
vn 0.0993 -0.9229 -0.3719
vn 0.1255 -0.9422 -0.3108
vn 0.8145 0.3908 -0.4287
vn 0.7761 0.4083 -0.4806
vn 0.0344 -0.8763 -0.4806
vn 0.0688 -0.9008 -0.4287
vn 0.7340 0.4279 -0.5274
vn 0.6891 0.4493 -0.5686
vn -0.0445 -0.8214 -0.5686
vn -0.0035 -0.8496 -0.5274
vn 0.6417 0.4724 -0.6042
vn 0.5925 0.4970 -0.6340
vn -0.1342 -0.7616 -0.6340
vn -0.0883 -0.7919 -0.6042
vn 0.5418 0.5231 -0.6578
vn 0.4903 0.5505 -0.6757
vn -0.2316 -0.6998 -0.6757
vn -0.1822 -0.7308 -0.6578
vn 0.4381 0.5789 -0.6877
vn 0.3859 0.6082 -0.6937
vn -0.3338 -0.6383 -0.6937
vn -0.2823 -0.6689 -0.6877
vn 0.3338 0.6383 -0.6937
vn 0.2823 0.6689 -0.6877
vn -0.4381 -0.5789 -0.6877
vn -0.3859 -0.6082 -0.6937
vn 0.2316 0.6998 -0.6757
vn 0.1821 0.7308 -0.6578
vn -0.5418 -0.5231 -0.6578
vn -0.4903 -0.5505 -0.6757
vn 0.1342 0.7616 -0.6340
vn 0.0883 0.7919 -0.6042
vn -0.6417 -0.4724 -0.6042
vn -0.5925 -0.4970 -0.6340
vn 0.0445 0.8214 -0.5686
vn 0.0035 0.8496 -0.5274
vn -0.7340 -0.4279 -0.5274
vn -0.6891 -0.4493 -0.5686
vn -0.0344 0.8763 -0.4806
vn -0.0688 0.9008 -0.4287
vn -0.8145 -0.3908 -0.4287
vn -0.7761 -0.4083 -0.4806
vn -0.0993 0.9229 -0.3719
vn -0.1255 0.9422 -0.3108
vn -0.8787 -0.3624 -0.3108
vn -0.8490 -0.3754 -0.3719
vn -0.1470 0.9581 -0.2458
vn -0.1634 0.9704 -0.1779
vn -0.9221 -0.3437 -0.1779
vn -0.9032 -0.3518 -0.2458
vn -0.1745 0.9788 -0.1076
vn -0.1801 0.9830 -0.0361
vn -0.9413 -0.3356 -0.0361
vn -0.9349 -0.3383 -0.1076
vn -0.1801 0.9830 0.0361
vn -0.1745 0.9788 0.1076
vn -0.9349 -0.3383 0.1076
vn -0.9413 -0.3356 0.0361
vn -0.1634 0.9704 0.1779
vn -0.1470 0.9581 0.2458
vn -0.9032 -0.3518 0.2458
vn -0.9221 -0.3437 0.1779
vn -0.1255 0.9422 0.3108
vn -0.0993 0.9229 0.3719
vn -0.8490 -0.3754 0.3719
vn -0.8787 -0.3624 0.3108
vn -0.0688 0.9008 0.4287
vn -0.0344 0.8763 0.4806
vn -0.7761 -0.4083 0.4806
vn -0.8145 -0.3908 0.4287
vn 0.0035 0.8496 0.5274
vn 0.0445 0.8214 0.5686
vn -0.6891 -0.4493 0.5686
vn -0.7340 -0.4279 0.5274
vn 0.0883 0.7919 0.6042
vn 0.1342 0.7616 0.6340
vn -0.5925 -0.4970 0.6340
vn -0.6417 -0.4724 0.6042
vn 0.1821 0.7308 0.6578
vn 0.2316 0.6998 0.6757
vn -0.4903 -0.5505 0.6757
vn -0.5418 -0.5232 0.6578
vn 0.2823 0.6689 0.6877
vn 0.3338 0.6383 0.6937
vn -0.3859 -0.6082 0.6937
vn -0.4381 -0.5789 0.6877
vn 0.1822 0.7308 -0.6578
vn -0.5418 -0.5232 -0.6578
vn -0.5925 -0.4971 -0.6339
vn -0.0344 0.8762 -0.4806
vn -0.1633 0.9704 -0.1779
vn -0.1469 0.9581 -0.2458
vn -0.9413 -0.3355 0.0361
vn -0.1469 0.9581 0.2458
vn -0.0344 0.8762 0.4806
vn 0.1342 0.7616 0.6339
vn -0.5925 -0.4971 0.6339
vn 0.1822 0.7308 0.6578
vn 0.5418 0.5232 0.6578
vn -0.1822 -0.7308 0.6578
vn 0.5925 0.4971 0.6339
vn -0.1342 -0.7616 0.6339
vn 0.0344 -0.8762 0.4806
vn 0.1633 -0.9704 0.1779
vn 0.9413 0.3355 -0.0361
vn 0.0994 -0.9229 -0.3719
vn 0.0344 -0.8762 -0.4806
vn 0.5925 0.4971 -0.6339
vn -0.1342 -0.7616 -0.6339
vn 0.5418 0.5232 -0.6578
vt 0.000000 0.000000
s 0
f 1028/561/755 1156/561/755 1379/561/755 1187/561/755
f 1156/561/756 1029/561/756 1188/561/756 1379/561/756
f 1379/561/757 1188/561/757 997/561/757 1124/561/757
f 1187/561/758 1379/561/758 1124/561/758 996/561/758
f 1029/561/759 1157/561/759 1380/561/759 1188/561/759
f 1157/561/760 1030/561/760 1189/561/760 1380/561/760
f 1380/561/761 1189/561/761 998/561/761 1125/561/761
f 1188/561/762 1380/561/762 1125/561/762 997/561/762
f 1030/561/763 1158/561/763 1381/561/763 1189/561/763
f 1158/561/764 1031/561/764 1190/561/764 1381/561/764
f 1381/561/765 1190/561/765 999/561/765 1126/561/765
f 1189/561/766 1381/561/766 1126/561/766 998/561/766
f 1031/561/767 1159/561/767 1382/561/767 1190/561/767
f 1159/561/768 1032/561/768 1191/561/768 1382/561/768
f 1382/561/769 1191/561/769 1000/561/769 1127/561/769
f 1190/561/770 1382/561/770 1127/561/770 999/561/770
f 1032/561/771 1160/561/771 1383/561/771 1191/561/771
f 1160/561/772 1033/561/772 1192/561/772 1383/561/772
f 1383/561/773 1192/561/773 1001/561/773 1128/561/773
f 1191/561/774 1383/561/774 1128/561/774 1000/561/774
f 1033/561/775 1161/561/775 1384/561/775 1192/561/775
f 1161/561/776 1034/561/776 1193/561/776 1384/561/776
f 1384/561/777 1193/561/777 1002/561/777 1129/561/777
f 1192/561/778 1384/561/778 1129/561/778 1001/561/778
f 1034/561/779 1162/561/779 1385/561/779 1193/561/779
f 1162/561/780 1035/561/780 1194/561/780 1385/561/780
f 1385/561/781 1194/561/781 1003/561/781 1130/561/781
f 1193/561/782 1385/561/782 1130/561/782 1002/561/782
f 1035/561/783 1163/561/783 1386/561/783 1194/561/783
f 1163/561/784 1036/561/784 1195/561/784 1386/561/784
f 1386/561/785 1195/561/785 1004/561/785 1131/561/785
f 1194/561/786 1386/561/786 1131/561/786 1003/561/786
f 1036/561/787 1164/561/787 1387/561/787 1195/561/787
f 1164/561/788 1037/561/788 1196/561/788 1387/561/788
f 1387/561/789 1196/561/789 1005/561/789 1132/561/789
f 1195/561/790 1387/561/790 1132/561/790 1004/561/790
f 1037/561/791 1165/561/791 1388/561/791 1196/561/791
f 1165/561/792 1038/561/792 1197/561/792 1388/561/792
f 1388/561/793 1197/561/793 1006/561/793 1133/561/793
f 1196/561/794 1388/561/794 1133/561/794 1005/561/794
f 1038/561/795 1166/561/795 1389/561/795 1197/561/795
f 1166/561/796 1039/561/796 1198/561/796 1389/561/796
f 1389/561/797 1198/561/797 1007/561/797 1134/561/797
f 1197/561/798 1389/561/798 1134/561/798 1006/561/798
f 1039/561/799 1167/561/799 1390/561/799 1198/561/799
f 1167/561/800 1040/561/800 1199/561/800 1390/561/800
f 1390/561/801 1199/561/801 1008/561/801 1135/561/801
f 1198/561/802 1390/561/802 1135/561/802 1007/561/802
f 1040/561/803 1168/561/803 1391/561/803 1199/561/803
f 1168/561/804 1041/561/804 1200/561/804 1391/561/804
f 1391/561/805 1200/561/805 1009/561/805 1136/561/805
f 1199/561/806 1391/561/806 1136/561/806 1008/561/806
f 1041/561/807 1169/561/807 1392/561/807 1200/561/807
f 1169/561/808 1042/561/808 1201/561/808 1392/561/808
f 1392/561/809 1201/561/809 1010/561/809 1137/561/809
f 1200/561/810 1392/561/810 1137/561/810 1009/561/810
f 1042/561/811 1170/561/811 1393/561/811 1201/561/811
f 1170/561/812 1043/561/812 1202/561/812 1393/561/812
f 1393/561/813 1202/561/813 1011/561/813 1138/561/813
f 1201/561/814 1393/561/814 1138/561/814 1010/561/814
f 1043/561/815 1171/561/815 1394/561/815 1202/561/815
f 1171/561/816 1044/561/816 1203/561/816 1394/561/816
f 1394/561/817 1203/561/817 1012/561/817 1139/561/817
f 1202/561/818 1394/561/818 1139/561/818 1011/561/818
f 1044/561/758 1172/561/758 1395/561/758 1203/561/758
f 1172/561/757 1045/561/757 1204/561/757 1395/561/757
f 1395/561/756 1204/561/756 1013/561/756 1140/561/756
f 1203/561/755 1395/561/755 1140/561/755 1012/561/755
f 1045/561/762 1173/561/762 1396/561/762 1204/561/762
f 1173/561/761 1046/561/761 1205/561/761 1396/561/761
f 1396/561/760 1205/561/760 1014/561/760 1141/561/760
f 1204/561/759 1396/561/759 1141/561/759 1013/561/759
f 1046/561/766 1174/561/766 1397/561/766 1205/561/766
f 1174/561/765 1047/561/765 1206/561/765 1397/561/765
f 1397/561/764 1206/561/764 1015/561/764 1142/561/764
f 1205/561/763 1397/561/763 1142/561/763 1014/561/763
f 1047/561/770 1175/561/770 1398/561/770 1206/561/770
f 1175/561/769 1048/561/769 1207/561/769 1398/561/769
f 1398/561/768 1207/561/768 1016/561/768 1143/561/768
f 1206/561/767 1398/561/767 1143/561/767 1015/561/767
f 1048/561/774 1176/561/774 1399/561/774 1207/561/774
f 1176/561/773 1049/561/773 1208/561/773 1399/561/773
f 1399/561/772 1208/561/772 1017/561/772 1144/561/772
f 1207/561/771 1399/561/771 1144/561/771 1016/561/771
f 1049/561/778 1177/561/778 1400/561/778 1208/561/778
f 1177/561/777 1050/561/777 1209/561/777 1400/561/777
f 1400/561/776 1209/561/776 1018/561/776 1145/561/776
f 1208/561/775 1400/561/775 1145/561/775 1017/561/775
f 1050/561/782 1178/561/782 1401/561/782 1209/561/782
f 1178/561/781 1051/561/781 1210/561/781 1401/561/781
f 1401/561/780 1210/561/780 1019/561/780 1146/561/780
f 1209/561/779 1401/561/779 1146/561/779 1018/561/779
f 1051/561/786 1179/561/786 1402/561/786 1210/561/786
f 1179/561/785 1052/561/785 1211/561/785 1402/561/785
f 1402/561/784 1211/561/784 1020/561/784 1147/561/784
f 1210/561/783 1402/561/783 1147/561/783 1019/561/783
f 1052/561/790 1180/561/790 1403/561/790 1211/561/790
f 1180/561/789 1053/561/789 1212/561/789 1403/561/789
f 1403/561/788 1212/561/788 1021/561/788 1148/561/788
f 1211/561/787 1403/561/787 1148/561/787 1020/561/787
f 1053/561/794 1181/561/794 1404/561/794 1212/561/794
f 1181/561/793 1054/561/793 1213/561/793 1404/561/793
f 1404/561/792 1213/561/792 1022/561/792 1149/561/792
f 1212/561/791 1404/561/791 1149/561/791 1021/561/791
f 1054/561/798 1182/561/798 1405/561/798 1213/561/798
f 1182/561/797 1055/561/797 1214/561/797 1405/561/797
f 1405/561/796 1214/561/796 1023/561/796 1150/561/796
f 1213/561/795 1405/561/795 1150/561/795 1022/561/795
f 1055/561/802 1183/561/802 1406/561/802 1214/561/802
f 1183/561/801 1056/561/801 1215/561/801 1406/561/801
f 1406/561/800 1215/561/800 1024/561/800 1151/561/800
f 1214/561/799 1406/561/799 1151/561/799 1023/561/799
f 1056/561/806 1184/561/806 1407/561/806 1215/561/806
f 1184/561/805 1057/561/805 1216/561/805 1407/561/805
f 1407/561/804 1216/561/804 1025/561/804 1152/561/804
f 1215/561/803 1407/561/803 1152/561/803 1024/561/803
f 1057/561/810 1185/561/810 1408/561/810 1216/561/810
f 1185/561/809 1058/561/809 1217/561/809 1408/561/809
f 1408/561/808 1217/561/808 1026/561/808 1153/561/808
f 1216/561/807 1408/561/807 1153/561/807 1025/561/807
f 1058/561/814 1186/561/814 1409/561/814 1217/561/814
f 1186/561/813 1027/561/813 1218/561/813 1409/561/813
f 1409/561/812 1218/561/812 995/561/812 1154/561/812
f 1217/561/811 1409/561/811 1154/561/811 1026/561/811
f 1027/561/818 1155/561/818 1410/561/818 1218/561/818
f 1155/561/817 1028/561/817 1187/561/817 1410/561/817
f 1410/561/816 1187/561/816 996/561/816 1123/561/816
f 1218/561/815 1410/561/815 1123/561/815 995/561/815
f 1092/561/819 1283/561/819 1411/561/819 1252/561/819
f 1283/561/820 1060/561/820 1220/561/820 1411/561/820
f 1411/561/821 1220/561/821 1061/561/821 1284/561/821
f 1252/561/822 1411/561/822 1284/561/822 1093/561/822
f 1093/561/823 1284/561/823 1412/561/823 1253/561/823
f 1284/561/824 1061/561/824 1221/561/824 1412/561/824
f 1412/561/825 1221/561/825 1062/561/825 1285/561/825
f 1253/561/826 1412/561/826 1285/561/826 1094/561/826
f 1094/561/827 1285/561/827 1413/561/827 1254/561/827
f 1285/561/828 1062/561/828 1222/561/828 1413/561/828
f 1413/561/829 1222/561/829 1063/561/829 1286/561/829
f 1254/561/830 1413/561/830 1286/561/830 1095/561/830
f 1095/561/831 1286/561/831 1414/561/831 1255/561/831
f 1286/561/832 1063/561/832 1223/561/832 1414/561/832
f 1414/561/833 1223/561/833 1064/561/833 1287/561/833
f 1255/561/834 1414/561/834 1287/561/834 1096/561/834
f 1096/561/835 1287/561/835 1415/561/835 1256/561/835
f 1287/561/836 1064/561/836 1224/561/836 1415/561/836
f 1415/561/837 1224/561/837 1065/561/837 1288/561/837
f 1256/561/838 1415/561/838 1288/561/838 1097/561/838
f 1097/561/839 1288/561/839 1416/561/839 1257/561/839
f 1288/561/840 1065/561/840 1225/561/840 1416/561/840
f 1416/561/841 1225/561/841 1066/561/841 1289/561/841
f 1257/561/842 1416/561/842 1289/561/842 1098/561/842
f 1098/561/843 1289/561/843 1417/561/843 1258/561/843
f 1289/561/844 1066/561/844 1226/561/844 1417/561/844
f 1417/561/845 1226/561/845 1067/561/845 1290/561/845
f 1258/561/846 1417/561/846 1290/561/846 1099/561/846
f 1099/561/847 1290/561/847 1418/561/847 1259/561/847
f 1290/561/848 1067/561/848 1227/561/848 1418/561/848
f 1418/561/849 1227/561/849 1068/561/849 1291/561/849
f 1259/561/850 1418/561/850 1291/561/850 1100/561/850
f 1100/561/851 1291/561/851 1419/561/851 1260/561/851
f 1291/561/852 1068/561/852 1228/561/852 1419/561/852
f 1419/561/853 1228/561/853 1069/561/853 1292/561/853
f 1260/561/854 1419/561/854 1292/561/854 1101/561/854
f 1101/561/855 1292/561/855 1420/561/855 1261/561/855
f 1292/561/856 1069/561/856 1229/561/856 1420/561/856
f 1420/561/857 1229/561/857 1070/561/857 1293/561/857
f 1261/561/858 1420/561/858 1293/561/858 1102/561/858
f 1102/561/859 1293/561/859 1421/561/859 1262/561/859
f 1293/561/860 1070/561/860 1230/561/860 1421/561/860
f 1421/561/861 1230/561/861 1071/561/861 1294/561/861
f 1262/561/862 1421/561/862 1294/561/862 1103/561/862
f 1103/561/863 1294/561/863 1422/561/863 1263/561/863
f 1294/561/864 1071/561/864 1231/561/864 1422/561/864
f 1422/561/865 1231/561/865 1072/561/865 1295/561/865
f 1263/561/866 1422/561/866 1295/561/866 1104/561/866
f 1104/561/867 1295/561/867 1423/561/867 1264/561/867
f 1295/561/868 1072/561/868 1232/561/868 1423/561/868
f 1423/561/869 1232/561/869 1073/561/869 1296/561/869
f 1264/561/870 1423/561/870 1296/561/870 1105/561/870
f 1105/561/871 1296/561/871 1424/561/871 1265/561/871
f 1296/561/872 1073/561/872 1233/561/872 1424/561/872
f 1424/561/873 1233/561/873 1074/561/873 1297/561/873
f 1265/561/874 1424/561/874 1297/561/874 1106/561/874
f 1106/561/875 1297/561/875 1425/561/875 1266/561/875
f 1297/561/876 1074/561/876 1234/561/876 1425/561/876
f 1425/561/877 1234/561/877 1075/561/877 1298/561/877
f 1266/561/878 1425/561/878 1298/561/878 1107/561/878
f 1107/561/879 1298/561/879 1426/561/879 1267/561/879
f 1298/561/880 1075/561/880 1235/561/880 1426/561/880
f 1426/561/881 1235/561/881 1076/561/881 1299/561/881
f 1267/561/882 1426/561/882 1299/561/882 1108/561/882
f 1108/561/820 1299/561/820 1427/561/820 1268/561/820
f 1299/561/819 1076/561/819 1236/561/819 1427/561/819
f 1427/561/822 1236/561/822 1077/561/822 1300/561/822
f 1268/561/821 1427/561/821 1300/561/821 1109/561/821
f 1109/561/824 1300/561/824 1428/561/824 1269/561/824
f 1300/561/823 1077/561/823 1237/561/823 1428/561/823
f 1428/561/826 1237/561/826 1078/561/826 1301/561/826
f 1269/561/825 1428/561/825 1301/561/825 1110/561/825
f 1110/561/828 1301/561/828 1429/561/828 1270/561/828
f 1301/561/827 1078/561/827 1238/561/827 1429/561/827
f 1429/561/830 1238/561/830 1079/561/830 1302/561/830
f 1270/561/829 1429/561/829 1302/561/829 1111/561/829
f 1111/561/832 1302/561/832 1430/561/832 1271/561/832
f 1302/561/831 1079/561/831 1239/561/831 1430/561/831
f 1430/561/834 1239/561/834 1080/561/834 1303/561/834
f 1271/561/833 1430/561/833 1303/561/833 1112/561/833
f 1112/561/836 1303/561/836 1431/561/836 1272/561/836
f 1303/561/835 1080/561/835 1240/561/835 1431/561/835
f 1431/561/838 1240/561/838 1081/561/838 1304/561/838
f 1272/561/837 1431/561/837 1304/561/837 1113/561/837
f 1113/561/840 1304/561/840 1432/561/840 1273/561/840
f 1304/561/839 1081/561/839 1241/561/839 1432/561/839
f 1432/561/842 1241/561/842 1082/561/842 1305/561/842
f 1273/561/841 1432/561/841 1305/561/841 1114/561/841
f 1114/561/844 1305/561/844 1433/561/844 1274/561/844
f 1305/561/843 1082/561/843 1242/561/843 1433/561/843
f 1433/561/846 1242/561/846 1083/561/846 1306/561/846
f 1274/561/845 1433/561/845 1306/561/845 1115/561/845
f 1115/561/848 1306/561/848 1434/561/848 1275/561/848
f 1306/561/847 1083/561/847 1243/561/847 1434/561/847
f 1434/561/850 1243/561/850 1084/561/850 1307/561/850
f 1275/561/849 1434/561/849 1307/561/849 1116/561/849
f 1116/561/852 1307/561/852 1435/561/852 1276/561/852
f 1307/561/851 1084/561/851 1244/561/851 1435/561/851
f 1435/561/854 1244/561/854 1085/561/854 1308/561/854
f 1276/561/853 1435/561/853 1308/561/853 1117/561/853
f 1117/561/856 1308/561/856 1436/561/856 1277/561/856
f 1308/561/855 1085/561/855 1245/561/855 1436/561/855
f 1436/561/858 1245/561/858 1086/561/858 1309/561/858
f 1277/561/857 1436/561/857 1309/561/857 1118/561/857
f 1118/561/860 1309/561/860 1437/561/860 1278/561/860
f 1309/561/859 1086/561/859 1246/561/859 1437/561/859
f 1437/561/862 1246/561/862 1087/561/862 1310/561/862
f 1278/561/861 1437/561/861 1310/561/861 1119/561/861
f 1119/561/864 1310/561/864 1438/561/864 1279/561/864
f 1310/561/863 1087/561/863 1247/561/863 1438/561/863
f 1438/561/866 1247/561/866 1088/561/866 1311/561/866
f 1279/561/865 1438/561/865 1311/561/865 1120/561/865
f 1120/561/868 1311/561/868 1439/561/868 1280/561/868
f 1311/561/867 1088/561/867 1248/561/867 1439/561/867
f 1439/561/870 1248/561/870 1089/561/870 1312/561/870
f 1280/561/869 1439/561/869 1312/561/869 1121/561/869
f 1121/561/872 1312/561/872 1440/561/872 1281/561/872
f 1312/561/871 1089/561/871 1249/561/871 1440/561/871
f 1440/561/874 1249/561/874 1090/561/874 1313/561/874
f 1281/561/873 1440/561/873 1313/561/873 1122/561/873
f 1122/561/876 1313/561/876 1441/561/876 1282/561/876
f 1313/561/875 1090/561/875 1250/561/875 1441/561/875
f 1441/561/883 1250/561/883 1059/561/883 1314/561/883
f 1282/561/877 1441/561/877 1314/561/877 1091/561/877
f 1091/561/880 1314/561/880 1442/561/880 1251/561/880
f 1314/561/879 1059/561/879 1219/561/879 1442/561/879
f 1442/561/882 1219/561/882 1060/561/882 1283/561/882
f 1251/561/881 1442/561/881 1283/561/881 1092/561/881
f 995/561/884 1123/561/884 1443/561/884 1315/561/884
f 1123/561/885 996/561/885 1316/561/885 1443/561/885
f 1443/561/886 1316/561/886 1060/561/886 1219/561/886
f 1315/561/887 1443/561/887 1219/561/887 1059/561/887
f 996/561/888 1124/561/888 1444/561/888 1316/561/888
f 1124/561/889 997/561/889 1317/561/889 1444/561/889
f 1444/561/890 1317/561/890 1061/561/890 1220/561/890
f 1316/561/891 1444/561/891 1220/561/891 1060/561/891
f 997/561/892 1125/561/892 1445/561/892 1317/561/892
f 1125/561/893 998/561/893 1318/561/893 1445/561/893
f 1445/561/894 1318/561/894 1062/561/894 1221/561/894
f 1317/561/895 1445/561/895 1221/561/895 1061/561/895
f 998/561/896 1126/561/896 1446/561/896 1318/561/896
f 1126/561/897 999/561/897 1319/561/897 1446/561/897
f 1446/561/898 1319/561/898 1063/561/898 1222/561/898
f 1318/561/899 1446/561/899 1222/561/899 1062/561/899
f 999/561/900 1127/561/900 1447/561/900 1319/561/900
f 1127/561/901 1000/561/901 1320/561/901 1447/561/901
f 1447/561/902 1320/561/902 1064/561/902 1223/561/902
f 1319/561/903 1447/561/903 1223/561/903 1063/561/903
f 1000/561/904 1128/561/904 1448/561/904 1320/561/904
f 1128/561/905 1001/561/905 1321/561/905 1448/561/905
f 1448/561/906 1321/561/906 1065/561/906 1224/561/906
f 1320/561/907 1448/561/907 1224/561/907 1064/561/907
f 1001/561/908 1129/561/908 1449/561/908 1321/561/908
f 1129/561/909 1002/561/909 1322/561/909 1449/561/909
f 1449/561/910 1322/561/910 1066/561/910 1225/561/910
f 1321/561/911 1449/561/911 1225/561/911 1065/561/911
f 1002/561/912 1130/561/912 1450/561/912 1322/561/912
f 1130/561/913 1003/561/913 1323/561/913 1450/561/913
f 1450/561/914 1323/561/914 1067/561/914 1226/561/914
f 1322/561/915 1450/561/915 1226/561/915 1066/561/915
f 1003/561/916 1131/561/916 1451/561/916 1323/561/916
f 1131/561/917 1004/561/917 1324/561/917 1451/561/917
f 1451/561/918 1324/561/918 1068/561/918 1227/561/918
f 1323/561/919 1451/561/919 1227/561/919 1067/561/919
f 1004/561/920 1132/561/920 1452/561/920 1324/561/920
f 1132/561/921 1005/561/921 1325/561/921 1452/561/921
f 1452/561/922 1325/561/922 1069/561/922 1228/561/922
f 1324/561/923 1452/561/923 1228/561/923 1068/561/923
f 1005/561/924 1133/561/924 1453/561/924 1325/561/924
f 1133/561/925 1006/561/925 1326/561/925 1453/561/925
f 1453/561/926 1326/561/926 1070/561/926 1229/561/926
f 1325/561/927 1453/561/927 1229/561/927 1069/561/927
f 1006/561/928 1134/561/928 1454/561/928 1326/561/928
f 1134/561/929 1007/561/929 1327/561/929 1454/561/929
f 1454/561/930 1327/561/930 1071/561/930 1230/561/930
f 1326/561/931 1454/561/931 1230/561/931 1070/561/931
f 1007/561/932 1135/561/932 1455/561/932 1327/561/932
f 1135/561/933 1008/561/933 1328/561/933 1455/561/933
f 1455/561/934 1328/561/934 1072/561/934 1231/561/934
f 1327/561/935 1455/561/935 1231/561/935 1071/561/935
f 1008/561/936 1136/561/936 1456/561/936 1328/561/936
f 1136/561/937 1009/561/937 1329/561/937 1456/561/937
f 1456/561/938 1329/561/938 1073/561/938 1232/561/938
f 1328/561/939 1456/561/939 1232/561/939 1072/561/939
f 1009/561/940 1137/561/940 1457/561/940 1329/561/940
f 1137/561/941 1010/561/941 1330/561/941 1457/561/941
f 1457/561/942 1330/561/942 1074/561/942 1233/561/942
f 1329/561/943 1457/561/943 1233/561/943 1073/561/943
f 1010/561/944 1138/561/944 1458/561/944 1330/561/944
f 1138/561/945 1011/561/945 1331/561/945 1458/561/945
f 1458/561/946 1331/561/946 1075/561/946 1234/561/946
f 1330/561/947 1458/561/947 1234/561/947 1074/561/947
f 1011/561/948 1139/561/948 1459/561/948 1331/561/948
f 1139/561/949 1012/561/949 1332/561/949 1459/561/949
f 1459/561/950 1332/561/950 1076/561/950 1235/561/950
f 1331/561/951 1459/561/951 1235/561/951 1075/561/951
f 1012/561/952 1140/561/952 1460/561/952 1332/561/952
f 1140/561/953 1013/561/953 1333/561/953 1460/561/953
f 1460/561/954 1333/561/954 1077/561/954 1236/561/954
f 1332/561/955 1460/561/955 1236/561/955 1076/561/955
f 1013/561/956 1141/561/956 1461/561/956 1333/561/956
f 1141/561/957 1014/561/957 1334/561/957 1461/561/957
f 1461/561/958 1334/561/958 1078/561/958 1237/561/958
f 1333/561/959 1461/561/959 1237/561/959 1077/561/959
f 1014/561/960 1142/561/960 1462/561/960 1334/561/960
f 1142/561/961 1015/561/961 1335/561/961 1462/561/961
f 1462/561/962 1335/561/962 1079/561/962 1238/561/962
f 1334/561/963 1462/561/963 1238/561/963 1078/561/963
f 1015/561/964 1143/561/964 1463/561/964 1335/561/964
f 1143/561/965 1016/561/965 1336/561/965 1463/561/965
f 1463/561/966 1336/561/966 1080/561/966 1239/561/966
f 1335/561/967 1463/561/967 1239/561/967 1079/561/967
f 1016/561/968 1144/561/968 1464/561/968 1336/561/968
f 1144/561/969 1017/561/969 1337/561/969 1464/561/969
f 1464/561/970 1337/561/970 1081/561/970 1240/561/970
f 1336/561/971 1464/561/971 1240/561/971 1080/561/971
f 1017/561/972 1145/561/972 1465/561/972 1337/561/972
f 1145/561/973 1018/561/973 1338/561/973 1465/561/973
f 1465/561/974 1338/561/974 1082/561/974 1241/561/974
f 1337/561/975 1465/561/975 1241/561/975 1081/561/975
f 1018/561/976 1146/561/976 1466/561/976 1338/561/976
f 1146/561/977 1019/561/977 1339/561/977 1466/561/977
f 1466/561/978 1339/561/978 1083/561/978 1242/561/978
f 1338/561/979 1466/561/979 1242/561/979 1082/561/979
f 1019/561/980 1147/561/980 1467/561/980 1339/561/980
f 1147/561/981 1020/561/981 1340/561/981 1467/561/981
f 1467/561/982 1340/561/982 1084/561/982 1243/561/982
f 1339/561/983 1467/561/983 1243/561/983 1083/561/983
f 1020/561/984 1148/561/984 1468/561/984 1340/561/984
f 1148/561/985 1021/561/985 1341/561/985 1468/561/985
f 1468/561/986 1341/561/986 1085/561/986 1244/561/986
f 1340/561/987 1468/561/987 1244/561/987 1084/561/987
f 1021/561/988 1149/561/988 1469/561/988 1341/561/988
f 1149/561/989 1022/561/989 1342/561/989 1469/561/989
f 1469/561/990 1342/561/990 1086/561/990 1245/561/990
f 1341/561/991 1469/561/991 1245/561/991 1085/561/991
f 1022/561/992 1150/561/992 1470/561/992 1342/561/992
f 1150/561/993 1023/561/993 1343/561/993 1470/561/993
f 1470/561/994 1343/561/994 1087/561/994 1246/561/994
f 1342/561/995 1470/561/995 1246/561/995 1086/561/995
f 1023/561/996 1151/561/996 1471/561/996 1343/561/996
f 1151/561/997 1024/561/997 1344/561/997 1471/561/997
f 1471/561/998 1344/561/998 1088/561/998 1247/561/998
f 1343/561/999 1471/561/999 1247/561/999 1087/561/999
f 1024/561/1000 1152/561/1000 1472/561/1000 1344/561/1000
f 1152/561/1001 1025/561/1001 1345/561/1001 1472/561/1001
f 1472/561/1002 1345/561/1002 1089/561/1002 1248/561/1002
f 1344/561/1003 1472/561/1003 1248/561/1003 1088/561/1003
f 1025/561/1004 1153/561/1004 1473/561/1004 1345/561/1004
f 1153/561/1005 1026/561/1005 1346/561/1005 1473/561/1005
f 1473/561/1006 1346/561/1006 1090/561/1006 1249/561/1006
f 1345/561/1007 1473/561/1007 1249/561/1007 1089/561/1007
f 1026/561/1008 1154/561/1008 1474/561/1008 1346/561/1008
f 1154/561/1009 995/561/1009 1315/561/1009 1474/561/1009
f 1474/561/1010 1315/561/1010 1059/561/1010 1250/561/1010
f 1346/561/1011 1474/561/1011 1250/561/1011 1090/561/1011
f 1028/561/949 1155/561/949 1475/561/949 1348/561/949
f 1155/561/948 1027/561/948 1347/561/948 1475/561/948
f 1475/561/951 1347/561/951 1091/561/951 1251/561/951
f 1348/561/950 1475/561/950 1251/561/950 1092/561/950
f 1029/561/1012 1156/561/1012 1476/561/1012 1349/561/1012
f 1156/561/952 1028/561/952 1348/561/952 1476/561/952
f 1476/561/955 1348/561/955 1092/561/955 1252/561/955
f 1349/561/1013 1476/561/1013 1252/561/1013 1093/561/1013
f 1030/561/957 1157/561/957 1477/561/957 1350/561/957
f 1157/561/956 1029/561/956 1349/561/956 1477/561/956
f 1477/561/1014 1349/561/1014 1093/561/1014 1253/561/1014
f 1350/561/958 1477/561/958 1253/561/958 1094/561/958
f 1031/561/961 1158/561/961 1478/561/961 1351/561/961
f 1158/561/960 1030/561/960 1350/561/960 1478/561/960
f 1478/561/963 1350/561/963 1094/561/963 1254/561/963
f 1351/561/962 1478/561/962 1254/561/962 1095/561/962
f 1032/561/965 1159/561/965 1479/561/965 1352/561/965
f 1159/561/1015 1031/561/1015 1351/561/1015 1479/561/1015
f 1479/561/967 1351/561/967 1095/561/967 1255/561/967
f 1352/561/966 1479/561/966 1255/561/966 1096/561/966
f 1033/561/969 1160/561/969 1480/561/969 1353/561/969
f 1160/561/968 1032/561/968 1352/561/968 1480/561/968
f 1480/561/971 1352/561/971 1096/561/971 1256/561/971
f 1353/561/970 1480/561/970 1256/561/970 1097/561/970
f 1034/561/1016 1161/561/1016 1481/561/1016 1354/561/1016
f 1161/561/1017 1033/561/1017 1353/561/1017 1481/561/1017
f 1481/561/975 1353/561/975 1097/561/975 1257/561/975
f 1354/561/974 1481/561/974 1257/561/974 1098/561/974
f 1035/561/977 1162/561/977 1482/561/977 1355/561/977
f 1162/561/976 1034/561/976 1354/561/976 1482/561/976
f 1482/561/979 1354/561/979 1098/561/979 1258/561/979
f 1355/561/978 1482/561/978 1258/561/978 1099/561/978
f 1036/561/981 1163/561/981 1483/561/981 1356/561/981
f 1163/561/980 1035/561/980 1355/561/980 1483/561/980
f 1483/561/1018 1355/561/1018 1099/561/1018 1259/561/1018
f 1356/561/982 1483/561/982 1259/561/982 1100/561/982
f 1037/561/1019 1164/561/1019 1484/561/1019 1357/561/1019
f 1164/561/984 1036/561/984 1356/561/984 1484/561/984
f 1484/561/987 1356/561/987 1100/561/987 1260/561/987
f 1357/561/986 1484/561/986 1260/561/986 1101/561/986
f 1038/561/989 1165/561/989 1485/561/989 1358/561/989
f 1165/561/988 1037/561/988 1357/561/988 1485/561/988
f 1485/561/991 1357/561/991 1101/561/991 1261/561/991
f 1358/561/990 1485/561/990 1261/561/990 1102/561/990
f 1039/561/1020 1166/561/1020 1486/561/1020 1359/561/1020
f 1166/561/992 1038/561/992 1358/561/992 1486/561/992
f 1486/561/995 1358/561/995 1102/561/995 1262/561/995
f 1359/561/994 1486/561/994 1262/561/994 1103/561/994
f 1040/561/997 1167/561/997 1487/561/997 1360/561/997
f 1167/561/996 1039/561/996 1359/561/996 1487/561/996
f 1487/561/999 1359/561/999 1103/561/999 1263/561/999
f 1360/561/998 1487/561/998 1263/561/998 1104/561/998
f 1041/561/1021 1168/561/1021 1488/561/1021 1361/561/1021
f 1168/561/1000 1040/561/1000 1360/561/1000 1488/561/1000
f 1488/561/1003 1360/561/1003 1104/561/1003 1264/561/1003
f 1361/561/1022 1488/561/1022 1264/561/1022 1105/561/1022
f 1042/561/1005 1169/561/1005 1489/561/1005 1362/561/1005
f 1169/561/1023 1041/561/1023 1361/561/1023 1489/561/1023
f 1489/561/1007 1361/561/1007 1105/561/1007 1265/561/1007
f 1362/561/1006 1489/561/1006 1265/561/1006 1106/561/1006
f 1043/561/1009 1170/561/1009 1490/561/1009 1363/561/1009
f 1170/561/1008 1042/561/1008 1362/561/1008 1490/561/1008
f 1490/561/1011 1362/561/1011 1106/561/1011 1266/561/1011
f 1363/561/1010 1490/561/1010 1266/561/1010 1107/561/1010
f 1044/561/885 1171/561/885 1491/561/885 1364/561/885
f 1171/561/884 1043/561/884 1363/561/884 1491/561/884
f 1491/561/887 1363/561/887 1107/561/887 1267/561/887
f 1364/561/886 1491/561/886 1267/561/886 1108/561/886
f 1045/561/1024 1172/561/1024 1492/561/1024 1365/561/1024
f 1172/561/888 1044/561/888 1364/561/888 1492/561/888
f 1492/561/891 1364/561/891 1108/561/891 1268/561/891
f 1365/561/1025 1492/561/1025 1268/561/1025 1109/561/1025
f 1046/561/893 1173/561/893 1493/561/893 1366/561/893
f 1173/561/1026 1045/561/1026 1365/561/1026 1493/561/1026
f 1493/561/1027 1365/561/1027 1109/561/1027 1269/561/1027
f 1366/561/894 1493/561/894 1269/561/894 1110/561/894
f 1047/561/897 1174/561/897 1494/561/897 1367/561/897
f 1174/561/896 1046/561/896 1366/561/896 1494/561/896
f 1494/561/899 1366/561/899 1110/561/899 1270/561/899
f 1367/561/898 1494/561/898 1270/561/898 1111/561/898
f 1048/561/901 1175/561/901 1495/561/901 1368/561/901
f 1175/561/900 1047/561/900 1367/561/900 1495/561/900
f 1495/561/1028 1367/561/1028 1111/561/1028 1271/561/1028
f 1368/561/902 1495/561/902 1271/561/902 1112/561/902
f 1049/561/905 1176/561/905 1496/561/905 1369/561/905
f 1176/561/904 1048/561/904 1368/561/904 1496/561/904
f 1496/561/907 1368/561/907 1112/561/907 1272/561/907
f 1369/561/906 1496/561/906 1272/561/906 1113/561/906
f 1050/561/909 1177/561/909 1497/561/909 1370/561/909
f 1177/561/908 1049/561/908 1369/561/908 1497/561/908
f 1497/561/911 1369/561/911 1113/561/911 1273/561/911
f 1370/561/1029 1497/561/1029 1273/561/1029 1114/561/1029
f 1051/561/913 1178/561/913 1498/561/913 1371/561/913
f 1178/561/912 1050/561/912 1370/561/912 1498/561/912
f 1498/561/915 1370/561/915 1114/561/915 1274/561/915
f 1371/561/914 1498/561/914 1274/561/914 1115/561/914
f 1052/561/917 1179/561/917 1499/561/917 1372/561/917
f 1179/561/1030 1051/561/1030 1371/561/1030 1499/561/1030
f 1499/561/919 1371/561/919 1115/561/919 1275/561/919
f 1372/561/918 1499/561/918 1275/561/918 1116/561/918
f 1053/561/921 1180/561/921 1500/561/921 1373/561/921
f 1180/561/920 1052/561/920 1372/561/920 1500/561/920
f 1500/561/923 1372/561/923 1116/561/923 1276/561/923
f 1373/561/922 1500/561/922 1276/561/922 1117/561/922
f 1054/561/925 1181/561/925 1501/561/925 1374/561/925
f 1181/561/924 1053/561/924 1373/561/924 1501/561/924
f 1501/561/927 1373/561/927 1117/561/927 1277/561/927
f 1374/561/1031 1501/561/1031 1277/561/1031 1118/561/1031
f 1055/561/929 1182/561/929 1502/561/929 1375/561/929
f 1182/561/928 1054/561/928 1374/561/928 1502/561/928
f 1502/561/931 1374/561/931 1118/561/931 1278/561/931
f 1375/561/1032 1502/561/1032 1278/561/1032 1119/561/1032
f 1056/561/933 1183/561/933 1503/561/933 1376/561/933
f 1183/561/932 1055/561/932 1375/561/932 1503/561/932
f 1503/561/935 1375/561/935 1119/561/935 1279/561/935
f 1376/561/934 1503/561/934 1279/561/934 1120/561/934
f 1057/561/1033 1184/561/1033 1504/561/1033 1377/561/1033
f 1184/561/936 1056/561/936 1376/561/936 1504/561/936
f 1504/561/939 1376/561/939 1120/561/939 1280/561/939
f 1377/561/1034 1504/561/1034 1280/561/1034 1121/561/1034
f 1058/561/941 1185/561/941 1505/561/941 1378/561/941
f 1185/561/1035 1057/561/1035 1377/561/1035 1505/561/1035
f 1505/561/943 1377/561/943 1121/561/943 1281/561/943
f 1378/561/942 1505/561/942 1281/561/942 1122/561/942
f 1027/561/945 1186/561/945 1506/561/945 1347/561/945
f 1186/561/944 1058/561/944 1378/561/944 1506/561/944
f 1506/561/947 1378/561/947 1122/561/947 1282/561/947
f 1347/561/946 1506/561/946 1282/561/946 1091/561/946
