# Blender 4.2.2 LTS
# www.blender.org
mtllib moon.mtl
o Moon
v 0.000000 8.314696 -5.555702
v 0.000000 5.555702 -8.314696
v 0.000000 1.950903 -9.807853
v 0.000000 0.000000 -10.000000
v 0.000000 -1.950903 -9.807853
v 0.000000 -5.555702 -8.314696
v 0.380602 9.807853 -1.913417
v 0.746578 9.238795 -3.753303
v 1.083864 8.314696 -5.448951
v 1.379497 7.071068 -6.935199
v 1.622117 5.555702 -8.154931
v 1.802399 3.826835 -9.061274
v 1.913417 1.950903 -9.619397
v 1.950903 0.000000 -9.807853
v 1.913417 -1.950903 -9.619397
v 1.802399 -3.826835 -9.061274
v 1.622117 -5.555702 -8.154931
v 1.379497 -7.071068 -6.935199
v 1.083864 -8.314696 -5.448951
v 0.746578 -9.238795 -3.753303
v 0.380602 -9.807853 -1.913417
v 0.746578 9.807853 -1.802399
v 1.464466 9.238795 -3.535534
v 2.126075 8.314696 -5.132799
v 2.705981 7.071068 -6.532815
v 3.181896 5.555702 -7.681776
v 3.535533 3.826835 -8.535534
v 3.753303 1.950903 -9.061274
v 3.826834 0.000000 -9.238794
v 3.753303 -1.950903 -9.061274
v 3.535533 -3.826835 -8.535534
v 3.181896 -5.555702 -7.681776
v 2.705981 -7.071068 -6.532815
v 2.126075 -8.314696 -5.132799
v 1.464466 -9.238795 -3.535534
v 0.746578 -9.807853 -1.802399
v 1.083864 9.807853 -1.622117
v 2.126075 9.238795 -3.181896
v 3.086583 8.314696 -4.619397
v 3.928475 7.071068 -5.879378
v 4.619397 5.555702 -6.913416
v 5.132799 3.826835 -7.681777
v 5.448951 1.950903 -8.154931
v 5.555702 0.000000 -8.314694
v 5.448951 -1.950903 -8.154931
v 5.132799 -3.826835 -7.681777
v 4.619397 -5.555702 -6.913416
v 3.928475 -7.071068 -5.879378
v 3.086583 -8.314696 -4.619397
v 2.126075 -9.238795 -3.181896
v 1.083864 -9.807853 -1.622117
v 1.379497 9.807853 -1.379497
v 2.705981 9.238795 -2.705980
v 3.928474 8.314696 -3.928474
v 5.000000 7.071068 -5.000000
v 5.879377 5.555702 -5.879376
v 6.532814 3.826835 -6.532815
v 6.935199 1.950903 -6.935198
v 7.071068 0.000000 -7.071066
v 6.935199 -1.950903 -6.935198
v 6.532814 -3.826835 -6.532815
v 5.879377 -5.555702 -5.879376
v 5.000000 -7.071068 -5.000000
v 3.928474 -8.314696 -3.928474
v 2.705981 -9.238795 -2.705980
v 1.379497 -9.807853 -1.379497
v 1.622117 9.807853 -1.083863
v 3.181896 9.238795 -2.126075
v 4.619397 8.314696 -3.086582
v 5.879378 7.071068 -3.928475
v 6.913416 5.555702 -4.619396
v 7.681776 3.826835 -5.132800
v 8.154931 1.950903 -5.448950
v 8.314695 0.000000 -5.555700
v 8.154931 -1.950903 -5.448950
v 7.681776 -3.826835 -5.132800
v 6.913416 -5.555702 -4.619396
v 5.879378 -7.071068 -3.928475
v 4.619397 -8.314696 -3.086582
v 3.181896 -9.238795 -2.126075
v 1.622117 -9.807853 -1.083863
v 0.000000 10.000000 0.000000
v 1.802399 9.807853 -0.746578
v 3.535533 9.238795 -1.464466
v 5.132799 8.314696 -2.126075
v 6.532815 7.071068 -2.705981
v 7.681776 5.555702 -3.181895
v 8.535533 3.826835 -3.535534
v 9.061274 1.950903 -3.753302
v 9.238794 0.000000 -3.826832
v 9.061274 -1.950903 -3.753302
v 8.535533 -3.826835 -3.535534
v 7.681776 -5.555702 -3.181895
v 6.532815 -7.071068 -2.705981
v 5.132799 -8.314696 -2.126075
v 3.535533 -9.238795 -1.464466
v 1.802399 -9.807853 -0.746578
v 1.913417 9.807853 -0.380602
v 3.753302 9.238795 -0.746578
v 5.448951 8.314696 -1.083863
v 6.935199 7.071068 -1.379497
v 8.154930 5.555702 -1.622116
v 9.061274 3.826835 -1.802400
v 9.619396 1.950903 -1.913416
v 9.807851 0.000000 -1.950901
v 9.619396 -1.950903 -1.913416
v 9.061274 -3.826835 -1.802400
v 8.154930 -5.555702 -1.622116
v 6.935199 -7.071068 -1.379497
v 5.448951 -8.314696 -1.083863
v 3.753302 -9.238795 -0.746578
v 1.913417 -9.807853 -0.380602
v 1.950903 9.807853 0.000000
v 3.826834 9.238795 0.000000
v 5.555701 8.314696 0.000001
v 7.071067 7.071068 -0.000000
v 8.314694 5.555702 0.000001
v 9.238794 3.826835 -0.000000
v 9.807852 1.950903 0.000001
v 9.999997 0.000000 0.000002
v 9.807852 -1.950903 0.000001
v 9.238794 -3.826835 -0.000000
v 8.314694 -5.555702 0.000001
v 7.071067 -7.071068 -0.000000
v 5.555701 -8.314696 0.000001
v 3.826834 -9.238795 0.000000
v 1.950903 -9.807853 0.000000
v 1.913417 9.807853 0.380602
v 3.753302 9.238795 0.746579
v 5.448950 8.314696 1.083864
v 6.935198 7.071068 1.379497
v 8.154929 5.555702 1.622117
v 9.061274 3.826835 1.802399
v 9.619396 1.950903 1.913418
v 9.807849 0.000000 1.950904
v 9.619396 -1.950903 1.913418
v 9.061274 -3.826835 1.802399
v 8.154929 -5.555702 1.622117
v 6.935198 -7.071068 1.379497
v 5.448950 -8.314696 1.083864
v 3.753302 -9.238795 0.746579
v 1.913417 -9.807853 0.380602
v 1.802399 9.807853 0.746578
v 3.535533 9.238795 1.464466
v 5.132798 8.314696 2.126075
v 6.532814 7.071068 2.705980
v 7.681775 5.555702 3.181896
v 8.535533 3.826835 3.535533
v 9.061272 1.950903 3.753303
v 9.238791 0.000000 3.826835
v 9.061272 -1.950903 3.753303
v 8.535533 -3.826835 3.535533
v 7.681775 -5.555702 3.181896
v 6.532814 -7.071068 2.705980
v 5.132798 -8.314696 2.126075
v 3.535533 -9.238795 1.464466
v 1.802399 -9.807853 0.746578
v 1.622116 9.807853 1.083863
v 3.181896 9.238795 2.126075
v 4.619396 8.314696 3.086582
v 5.879377 7.071068 3.928474
v 6.913414 5.555702 4.619397
v 7.681776 3.826835 5.132799
v 8.154929 1.950903 5.448951
v 8.314692 0.000000 5.555702
v 8.154929 -1.950903 5.448951
v 7.681776 -3.826835 5.132799
v 6.913414 -5.555702 4.619397
v 5.879377 -7.071068 3.928474
v 4.619396 -8.314696 3.086582
v 3.181896 -9.238795 2.126075
v 1.622116 -9.807853 1.083863
v 1.379496 9.807853 1.379496
v 2.705980 9.238795 2.705980
v 3.928473 8.314696 3.928474
v 5.000000 7.071068 5.000000
v 5.879375 5.555702 5.879376
v 6.532814 3.826835 6.532813
v 6.935197 1.950903 6.935198
v 7.071062 0.000000 7.071066
v 6.935197 -1.950903 6.935198
v 6.532814 -3.826835 6.532813
v 5.879375 -5.555702 5.879376
v 5.000000 -7.071068 5.000000
v 3.928473 -8.314696 3.928474
v 2.705980 -9.238795 2.705980
v 1.379496 -9.807853 1.379496
v 1.083863 9.807853 1.622116
v 2.126074 9.238795 3.181896
v 3.086581 8.314696 4.619397
v 3.928474 7.071068 5.879377
v 4.619395 5.555702 6.913415
v 5.132799 3.826835 7.681776
v 5.448949 1.950903 8.154930
v 5.555697 0.000000 8.314693
v 5.448949 -1.950903 8.154930
v 5.132799 -3.826835 7.681776
v 4.619395 -5.555702 6.913415
v 3.928474 -7.071068 5.879377
v 3.086581 -8.314696 4.619397
v 2.126074 -9.238795 3.181896
v 1.083863 -9.807853 1.622116
v 0.746578 9.807853 1.802399
v 1.464465 9.238795 3.535533
v 2.126074 8.314696 5.132798
v 2.705980 7.071068 6.532814
v 3.181894 5.555702 7.681775
v 3.535533 3.826835 8.535532
v 3.753300 1.950903 9.061272
v 3.826829 0.000000 9.238791
v 3.753300 -1.950903 9.061272
v 3.535533 -3.826835 8.535532
v 3.181894 -5.555702 7.681775
v 2.705980 -7.071068 6.532814
v 2.126074 -8.314696 5.132798
v 1.464465 -9.238795 3.535533
v 0.746578 -9.807853 1.802399
v 0.380602 9.807853 1.913416
v 0.746578 9.238795 3.753302
v 1.083862 8.314696 5.448949
v 1.379497 7.071068 6.935198
v 1.622115 5.555702 8.154928
v 1.802399 3.826835 9.061272
v 1.913415 1.950903 9.619394
v 1.950899 0.000000 9.807848
v 1.913415 -1.950903 9.619394
v 1.802399 -3.826835 9.061272
v 1.622115 -5.555702 8.154928
v 1.379497 -7.071068 6.935198
v 1.083862 -8.314696 5.448949
v 0.746578 -9.238795 3.753302
v 0.380602 -9.807853 1.913416
v -0.000000 9.807853 1.950902
v -0.000001 9.238795 3.826833
v -0.000001 8.314696 5.555699
v -0.000000 7.071068 7.071066
v -0.000001 5.555702 8.314693
v 0.000000 3.826835 9.238792
v -0.000001 1.950903 9.807850
v -0.000003 0.000000 9.999993
v -0.000001 -1.950903 9.807850
v 0.000000 -3.826835 9.238792
v -0.000001 -5.555702 8.314693
v -0.000000 -7.071068 7.071066
v -0.000001 -8.314696 5.555699
v -0.000001 -9.238795 3.826833
v -0.000000 -9.807853 1.950902
v -0.380602 9.807853 1.913416
v -0.746579 9.238795 3.753302
v -1.083864 8.314696 5.448948
v -1.379497 7.071068 6.935198
v -1.622117 5.555702 8.154928
v -1.802399 3.826835 9.061272
v -1.913418 1.950903 9.619394
v -1.950905 0.000000 9.807845
v -1.913418 -1.950903 9.619394
v -1.802399 -3.826835 9.061272
v -1.622117 -5.555702 8.154928
v -1.379497 -7.071068 6.935198
v -1.083864 -8.314696 5.448948
v -0.746579 -9.238795 3.753302
v -0.380602 -9.807853 1.913416
v -0.746578 9.807853 1.802398
v -1.464466 9.238795 3.535533
v -2.126075 8.314696 5.132796
v -2.705980 7.071068 6.532813
v -3.181896 5.555702 7.681774
v -3.535532 3.826835 8.535531
v -3.753303 1.950903 9.061271
v -3.826835 0.000000 9.238788
v -3.753303 -1.950903 9.061271
v -3.535532 -3.826835 8.535531
v -3.181896 -5.555702 7.681774
v -2.705980 -7.071068 6.532813
v -2.126075 -8.314696 5.132796
v -1.464466 -9.238795 3.535533
v -0.746578 -9.807853 1.802398
v -1.083863 9.807853 1.622115
v -2.126075 9.238795 3.181895
v -3.086582 8.314696 4.619394
v -3.928474 7.071068 5.879376
v -4.619396 5.555702 6.913414
v -5.132797 3.826835 7.681775
v -5.448951 1.950903 8.154927
v -5.555701 0.000000 8.314688
v -5.448951 -1.950903 8.154927
v -5.132797 -3.826835 7.681775
v -4.619396 -5.555702 6.913414
v -3.928474 -7.071068 5.879376
v -3.086582 -8.314696 4.619394
v -2.126075 -9.238795 3.181895
v -1.083863 -9.807853 1.622115
v -1.379496 9.807853 1.379496
v -2.705980 9.238795 2.705979
v -3.928473 8.314696 3.928471
v -4.999999 7.071068 4.999999
v -5.879376 5.555702 5.879374
v -6.532812 3.826835 6.532813
v -6.935198 1.950903 6.935195
v -7.071065 0.000000 7.071059
v -6.935198 -1.950903 6.935195
v -6.532812 -3.826835 6.532813
v -5.879376 -5.555702 5.879374
v -4.999999 -7.071068 4.999999
v -3.928473 -8.314696 3.928471
v -2.705980 -9.238795 2.705979
v -1.379496 -9.807853 1.379496
v 0.000000 -10.000000 0.000000
v -1.622115 9.807853 1.083863
v -3.181896 9.238795 2.126074
v -4.619395 8.314696 3.086579
v -5.879376 7.071068 3.928473
v -6.913414 5.555702 4.619394
v -7.681775 3.826835 5.132798
v -8.154929 1.950903 5.448947
v -8.314692 0.000000 5.555694
v -8.154929 -1.950903 5.448947
v -7.681775 -3.826835 5.132798
v -6.913414 -5.555702 4.619394
v -5.879376 -7.071068 3.928473
v -4.619395 -8.314696 3.086579
v -3.181896 -9.238795 2.126074
v -1.622115 -9.807853 1.083863
v -1.802398 9.807853 0.746578
v -3.535533 9.238795 1.464465
v -5.132796 8.314696 2.126072
v -6.532813 7.071068 2.705980
v -7.681774 5.555702 3.181893
v -8.535530 3.826835 3.535533
v -9.061272 1.950903 3.753299
v -9.238789 0.000000 3.826827
v -9.061272 -1.950903 3.753299
v -8.535530 -3.826835 3.535533
v -7.681774 -5.555702 3.181893
v -6.532813 -7.071068 2.705980
v -5.132796 -8.314696 2.126072
v -3.535533 -9.238795 1.464465
v -1.802398 -9.807853 0.746578
v -1.913415 9.807853 0.380602
v -3.753301 9.238795 0.746578
v -5.448947 8.314696 1.083861
v -6.935198 7.071068 1.379496
v -8.154927 5.555702 1.622114
v -9.061271 3.826835 1.802399
v -9.619394 1.950903 1.913414
v -9.807844 0.000000 1.950897
v -9.619394 -1.950903 1.913414
v -9.061271 -3.826835 1.802399
v -8.154927 -5.555702 1.622114
v -6.935198 -7.071068 1.379496
v -5.448947 -8.314696 1.083861
v -3.753301 -9.238795 0.746578
v -1.913415 -9.807853 0.380602
v -1.950902 9.807853 -0.000000
v -3.826833 9.238795 -0.000001
v -5.555697 8.314696 -0.000001
v -7.071066 7.071068 -0.000000
v -8.314692 5.555702 -0.000002
v -9.238791 3.826835 -0.000000
v -9.807848 1.950903 -0.000003
v -9.999990 0.000000 -0.000004
v -9.807848 -1.950903 -0.000003
v -9.238791 -3.826835 -0.000000
v -8.314692 -5.555702 -0.000002
v -7.071066 -7.071068 -0.000000
v -5.555697 -8.314696 -0.000001
v -3.826833 -9.238795 -0.000001
v -1.950902 -9.807853 -0.000000
v -1.913415 9.807853 -0.380602
v -3.753301 9.238795 -0.746579
v -5.448946 8.314696 -1.083864
v -6.935197 7.071068 -1.379497
v -8.154926 5.555702 -1.622118
v -9.061271 3.826835 -1.802399
v -9.619392 1.950903 -1.913419
v -9.807842 0.000000 -1.950906
v -9.619392 -1.950903 -1.913419
v -9.061271 -3.826835 -1.802399
v -8.154926 -5.555702 -1.622118
v -6.935197 -7.071068 -1.379497
v -5.448946 -8.314696 -1.083864
v -3.753301 -9.238795 -0.746579
v -1.913415 -9.807853 -0.380602
v -1.802398 9.807853 -0.746578
v -3.535532 9.238795 -1.464466
v -5.132794 8.314696 -2.126075
v -6.532813 7.071068 -2.705980
v -7.681772 5.555702 -3.181896
v -8.535530 3.826835 -3.535532
v -9.061269 1.950903 -3.753303
v -9.238785 0.000000 -3.826835
v -9.061269 -1.950903 -3.753303
v -8.535530 -3.826835 -3.535532
v -7.681772 -5.555702 -3.181896
v -6.532813 -7.071068 -2.705980
v -5.132794 -8.314696 -2.126075
v -3.535532 -9.238795 -1.464466
v -1.802398 -9.807853 -0.746578
v -1.622115 9.807853 -1.083863
v -3.181894 9.238795 -2.126075
v -4.619392 8.314696 -3.086581
v -5.879376 7.071068 -3.928474
v -6.913412 5.555702 -4.619396
v -7.681774 3.826835 -5.132797
v -8.154925 1.950903 -5.448951
v -8.314685 0.000000 -5.555701
v -8.154925 -1.950903 -5.448951
v -7.681774 -3.826835 -5.132797
v -6.913412 -5.555702 -4.619396
v -5.879376 -7.071068 -3.928474
v -4.619392 -8.314696 -3.086581
v -3.181894 -9.238795 -2.126075
v -1.622115 -9.807853 -1.083863
v -1.379495 9.807853 -1.379496
v -2.705979 9.238795 -2.705979
v -3.928469 8.314696 -3.928473
v -4.999998 7.071068 -4.999999
v -5.879373 5.555702 -5.879375
v -6.532812 3.826835 -6.532812
v -6.935194 1.950903 -6.935197
v -7.071057 0.000000 -7.071064
v -6.935194 -1.950903 -6.935197
v -6.532812 -3.826835 -6.532812
v -5.879373 -5.555702 -5.879375
v -4.999998 -7.071068 -4.999999
v -3.928469 -8.314696 -3.928473
v -2.705979 -9.238795 -2.705979
v -1.379495 -9.807853 -1.379496
v -1.083863 9.807853 -1.622115
v -2.126074 9.238795 -3.181895
v -3.086578 8.314696 -4.619394
v -3.928473 7.071068 -5.879376
v -4.619393 5.555702 -6.913414
v -5.132797 3.826835 -7.681774
v -5.448946 1.950903 -8.154928
v -5.555692 0.000000 -8.314690
v -5.448946 -1.950903 -8.154928
v -5.132797 -3.826835 -7.681774
v -4.619393 -5.555702 -6.913414
v -3.928473 -7.071068 -5.879376
v -3.086578 -8.314696 -4.619394
v -2.126074 -9.238795 -3.181895
v -1.083863 -9.807853 -1.622115
v -0.746577 9.807853 -1.802398
v -1.464465 9.238795 -3.535532
v -2.126071 8.314696 -5.132795
v -2.705979 7.071068 -6.532813
v -3.181892 5.555702 -7.681773
v -3.535532 3.826835 -8.535530
v -3.753298 1.950903 -9.061270
v -3.826826 0.000000 -9.238786
v -3.753298 -1.950903 -9.061270
v -3.535532 -3.826835 -8.535530
v -3.181892 -5.555702 -7.681773
v -2.705979 -7.071068 -6.532813
v -2.126071 -8.314696 -5.132795
v -1.464465 -9.238795 -3.535532
v -0.746577 -9.807853 -1.802398
v -0.380602 9.807853 -1.913415
v -0.746577 9.238795 -3.753301
v -1.083860 8.314696 -5.448945
v -1.379496 7.071068 -6.935198
v -1.622113 5.555702 -8.154925
v -1.802398 3.826835 -9.061270
v -1.913413 1.950903 -9.619392
v -1.950896 0.000000 -9.807842
v -1.913413 -1.950903 -9.619392
v -1.802398 -3.826835 -9.061270
v -1.622113 -5.555702 -8.154925
v -1.379496 -7.071068 -6.935198
v -1.083860 -8.314696 -5.448945
v -0.746577 -9.238795 -3.753301
v -0.380602 -9.807853 -1.913415
v 0.000000 9.807853 -1.950901
v 0.000001 9.238795 -3.826832
v 0.000001 7.071068 -7.071066
v 0.000001 3.826835 -9.238791
v 0.000001 -3.826835 -9.238791
v 0.000001 -7.071068 -7.071066
v 0.000002 -8.314696 -5.555696
v 0.000001 -9.238795 -3.826832
v 0.000000 -9.807853 -1.950901
vn -0.0000 0.8286 -0.5598
vn -0.0000 0.5528 -0.8333
vn -0.0000 0.1939 -0.9810
vn -0.0000 -0.0000 -1.0000
vn -0.0000 -0.1939 -0.9810
vn -0.0000 -0.5528 -0.8333
vn 0.0392 0.9796 -0.1971
vn 0.0757 0.9217 -0.3804
vn 0.1092 0.8286 -0.5490
vn 0.1385 0.7041 -0.6965
vn 0.1626 0.5528 -0.8173
vn 0.1804 0.3805 -0.9070
vn 0.1914 0.1939 -0.9622
vn 0.1951 -0.0000 -0.9808
vn 0.1914 -0.1939 -0.9622
vn 0.1804 -0.3805 -0.9070
vn 0.1626 -0.5528 -0.8173
vn 0.1385 -0.7041 -0.6965
vn 0.1092 -0.8286 -0.5490
vn 0.0757 -0.9217 -0.3804
vn 0.0392 -0.9796 -0.1971
vn 0.0769 0.9796 -0.1857
vn 0.1484 0.9217 -0.3584
vn 0.2142 0.8286 -0.5172
vn 0.2718 0.7041 -0.6561
vn 0.3189 0.5528 -0.7699
vn 0.3539 0.3805 -0.8544
vn 0.3754 0.1939 -0.9063
vn 0.3827 -0.0000 -0.9239
vn 0.3754 -0.1939 -0.9063
vn 0.3539 -0.3805 -0.8544
vn 0.3189 -0.5528 -0.7699
vn 0.2718 -0.7041 -0.6561
vn 0.2142 -0.8286 -0.5172
vn 0.1484 -0.9217 -0.3584
vn 0.0769 -0.9796 -0.1857
vn 0.1117 0.9796 -0.1671
vn 0.2155 0.9217 -0.3225
vn 0.3110 0.8286 -0.4654
vn 0.3945 0.7041 -0.5905
vn 0.4630 0.5528 -0.6929
vn 0.5138 0.3805 -0.7689
vn 0.5450 0.1939 -0.8157
vn 0.5556 -0.0000 -0.8315
vn 0.5450 -0.1939 -0.8157
vn 0.5138 -0.3805 -0.7689
vn 0.4630 -0.5528 -0.6929
vn 0.3945 -0.7041 -0.5905
vn 0.3110 -0.8286 -0.4654
vn 0.2155 -0.9217 -0.3225
vn 0.1117 -0.9796 -0.1671
vn 0.1421 0.9796 -0.1421
vn 0.2743 0.9217 -0.2743
vn 0.3958 0.8286 -0.3958
vn 0.5021 0.7041 -0.5021
vn 0.5893 0.5528 -0.5893
vn 0.6539 0.3805 -0.6539
vn 0.6937 0.1939 -0.6937
vn 0.7071 -0.0000 -0.7071
vn 0.6937 -0.1939 -0.6937
vn 0.6539 -0.3805 -0.6539
vn 0.5893 -0.5528 -0.5893
vn 0.5021 -0.7041 -0.5021
vn 0.3958 -0.8286 -0.3958
vn 0.2743 -0.9217 -0.2743
vn 0.1421 -0.9796 -0.1421
vn 0.1671 0.9796 -0.1117
vn 0.3225 0.9217 -0.2155
vn 0.4654 0.8286 -0.3110
vn 0.5905 0.7041 -0.3945
vn 0.6929 0.5528 -0.4630
vn 0.7689 0.3805 -0.5138
vn 0.8157 0.1939 -0.5450
vn 0.8315 -0.0000 -0.5556
vn 0.8157 -0.1939 -0.5450
vn 0.7689 -0.3805 -0.5138
vn 0.6929 -0.5528 -0.4630
vn 0.5905 -0.7041 -0.3945
vn 0.4654 -0.8286 -0.3110
vn 0.3225 -0.9217 -0.2155
vn 0.1671 -0.9796 -0.1117
vn -0.0000 1.0000 -0.0000
vn 0.1857 0.9796 -0.0769
vn 0.3584 0.9217 -0.1484
vn 0.5172 0.8286 -0.2142
vn 0.6561 0.7041 -0.2718
vn 0.7699 0.5528 -0.3189
vn 0.8544 0.3805 -0.3539
vn 0.9063 0.1939 -0.3754
vn 0.9239 -0.0000 -0.3827
vn 0.9063 -0.1939 -0.3754
vn 0.8544 -0.3805 -0.3539
vn 0.7699 -0.5528 -0.3189
vn 0.6561 -0.7041 -0.2718
vn 0.5172 -0.8286 -0.2142
vn 0.3584 -0.9217 -0.1484
vn 0.1857 -0.9796 -0.0769
vn 0.1971 0.9796 -0.0392
vn 0.3804 0.9217 -0.0757
vn 0.5490 0.8286 -0.1092
vn 0.6965 0.7041 -0.1385
vn 0.8173 0.5528 -0.1626
vn 0.9070 0.3805 -0.1804
vn 0.9622 0.1939 -0.1914
vn 0.9808 -0.0000 -0.1951
vn 0.9622 -0.1939 -0.1914
vn 0.9070 -0.3805 -0.1804
vn 0.8173 -0.5528 -0.1626
vn 0.6965 -0.7041 -0.1385
vn 0.5490 -0.8286 -0.1092
vn 0.3804 -0.9217 -0.0757
vn 0.1971 -0.9796 -0.0392
vn 0.2010 0.9796 -0.0000
vn 0.3879 0.9217 -0.0000
vn 0.5598 0.8286 -0.0000
vn 0.7101 0.7041 -0.0000
vn 0.8333 0.5528 -0.0000
vn 0.9248 0.3805 -0.0000
vn 0.9810 0.1939 -0.0000
vn 1.0000 -0.0000 -0.0000
vn 0.9810 -0.1939 -0.0000
vn 0.9248 -0.3805 -0.0000
vn 0.8333 -0.5528 -0.0000
vn 0.7101 -0.7041 -0.0000
vn 0.5598 -0.8286 -0.0000
vn 0.3879 -0.9217 -0.0000
vn 0.2010 -0.9796 -0.0000
vn 0.1971 0.9796 0.0392
vn 0.3804 0.9217 0.0757
vn 0.5490 0.8286 0.1092
vn 0.6965 0.7041 0.1385
vn 0.8173 0.5528 0.1626
vn 0.9070 0.3805 0.1804
vn 0.9622 0.1939 0.1914
vn 0.9808 -0.0000 0.1951
vn 0.9622 -0.1939 0.1914
vn 0.9070 -0.3805 0.1804
vn 0.8173 -0.5528 0.1626
vn 0.6965 -0.7041 0.1385
vn 0.5490 -0.8286 0.1092
vn 0.3804 -0.9217 0.0757
vn 0.1971 -0.9796 0.0392
vn 0.1857 0.9796 0.0769
vn 0.3584 0.9217 0.1484
vn 0.5172 0.8286 0.2142
vn 0.6561 0.7041 0.2718
vn 0.7699 0.5528 0.3189
vn 0.8544 0.3805 0.3539
vn 0.9063 0.1939 0.3754
vn 0.9239 -0.0000 0.3827
vn 0.9063 -0.1939 0.3754
vn 0.8544 -0.3805 0.3539
vn 0.7699 -0.5528 0.3189
vn 0.6561 -0.7041 0.2718
vn 0.5172 -0.8286 0.2142
vn 0.3584 -0.9217 0.1484
vn 0.1857 -0.9796 0.0769
vn 0.1671 0.9796 0.1117
vn 0.3225 0.9217 0.2155
vn 0.4654 0.8286 0.3110
vn 0.5905 0.7041 0.3945
vn 0.6929 0.5528 0.4630
vn 0.7689 0.3805 0.5138
vn 0.8157 0.1939 0.5450
vn 0.8315 -0.0000 0.5556
vn 0.8157 -0.1939 0.5450
vn 0.7689 -0.3805 0.5138
vn 0.6929 -0.5528 0.4630
vn 0.5905 -0.7041 0.3945
vn 0.4654 -0.8286 0.3110
vn 0.3225 -0.9217 0.2155
vn 0.1671 -0.9796 0.1117
vn 0.1421 0.9796 0.1421
vn 0.2743 0.9217 0.2743
vn 0.3958 0.8286 0.3958
vn 0.5021 0.7041 0.5021
vn 0.5893 0.5528 0.5893
vn 0.6539 0.3805 0.6539
vn 0.6937 0.1939 0.6937
vn 0.7071 -0.0000 0.7071
vn 0.6937 -0.1939 0.6937
vn 0.6539 -0.3805 0.6539
vn 0.5893 -0.5528 0.5893
vn 0.5021 -0.7041 0.5021
vn 0.3958 -0.8286 0.3958
vn 0.2743 -0.9217 0.2743
vn 0.1421 -0.9796 0.1421
vn 0.1117 0.9796 0.1671
vn 0.2155 0.9217 0.3225
vn 0.3110 0.8286 0.4654
vn 0.3945 0.7041 0.5905
vn 0.4630 0.5528 0.6929
vn 0.5138 0.3805 0.7689
vn 0.5450 0.1939 0.8157
vn 0.5556 -0.0000 0.8315
vn 0.5450 -0.1939 0.8157
vn 0.5138 -0.3805 0.7689
vn 0.4630 -0.5528 0.6929
vn 0.3945 -0.7041 0.5905
vn 0.3110 -0.8286 0.4654
vn 0.2155 -0.9217 0.3225
vn 0.1117 -0.9796 0.1671
vn 0.0769 0.9796 0.1857
vn 0.1484 0.9217 0.3584
vn 0.2142 0.8286 0.5172
vn 0.2718 0.7041 0.6561
vn 0.3189 0.5528 0.7699
vn 0.3539 0.3805 0.8544
vn 0.3754 0.1939 0.9063
vn 0.3827 -0.0000 0.9239
vn 0.3754 -0.1939 0.9063
vn 0.3539 -0.3805 0.8544
vn 0.3189 -0.5528 0.7699
vn 0.2718 -0.7041 0.6561
vn 0.2142 -0.8286 0.5172
vn 0.1484 -0.9217 0.3584
vn 0.0769 -0.9796 0.1857
vn 0.0392 0.9796 0.1971
vn 0.0757 0.9217 0.3804
vn 0.1092 0.8286 0.5490
vn 0.1385 0.7041 0.6965
vn 0.1626 0.5528 0.8173
vn 0.1804 0.3805 0.9070
vn 0.1914 0.1939 0.9622
vn 0.1951 -0.0000 0.9808
vn 0.1914 -0.1939 0.9622
vn 0.1804 -0.3805 0.9070
vn 0.1626 -0.5528 0.8173
vn 0.1385 -0.7041 0.6965
vn 0.1092 -0.8286 0.5490
vn 0.0757 -0.9217 0.3804
vn 0.0392 -0.9796 0.1971
vn -0.0000 0.9796 0.2010
vn -0.0000 0.9217 0.3879
vn -0.0000 0.8286 0.5598
vn -0.0000 0.7041 0.7101
vn -0.0000 0.5528 0.8333
vn -0.0000 0.3805 0.9248
vn -0.0000 0.1939 0.9810
vn -0.0000 -0.0000 1.0000
vn -0.0000 -0.1939 0.9810
vn -0.0000 -0.3805 0.9248
vn -0.0000 -0.5528 0.8333
vn -0.0000 -0.7041 0.7101
vn -0.0000 -0.8286 0.5598
vn -0.0000 -0.9217 0.3879
vn -0.0000 -0.9796 0.2010
vn -0.0392 0.9796 0.1971
vn -0.0757 0.9217 0.3804
vn -0.1092 0.8286 0.5490
vn -0.1385 0.7041 0.6965
vn -0.1626 0.5528 0.8173
vn -0.1804 0.3805 0.9070
vn -0.1914 0.1939 0.9622
vn -0.1951 -0.0000 0.9808
vn -0.1914 -0.1939 0.9622
vn -0.1804 -0.3805 0.9070
vn -0.1626 -0.5528 0.8173
vn -0.1385 -0.7041 0.6965
vn -0.1092 -0.8286 0.5490
vn -0.0757 -0.9217 0.3804
vn -0.0392 -0.9796 0.1971
vn -0.0769 0.9796 0.1857
vn -0.1484 0.9217 0.3584
vn -0.2142 0.8286 0.5172
vn -0.2718 0.7041 0.6561
vn -0.3189 0.5528 0.7699
vn -0.3539 0.3805 0.8544
vn -0.3754 0.1939 0.9063
vn -0.3827 -0.0000 0.9239
vn -0.3754 -0.1939 0.9063
vn -0.3539 -0.3805 0.8544
vn -0.3189 -0.5528 0.7699
vn -0.2718 -0.7041 0.6561
vn -0.2142 -0.8286 0.5172
vn -0.1484 -0.9217 0.3584
vn -0.0769 -0.9796 0.1857
vn -0.1117 0.9796 0.1671
vn -0.2155 0.9217 0.3225
vn -0.3110 0.8286 0.4654
vn -0.3945 0.7041 0.5905
vn -0.4630 0.5528 0.6929
vn -0.5138 0.3805 0.7689
vn -0.5450 0.1939 0.8157
vn -0.5556 -0.0000 0.8315
vn -0.5450 -0.1939 0.8157
vn -0.5138 -0.3805 0.7689
vn -0.4630 -0.5528 0.6929
vn -0.3945 -0.7041 0.5905
vn -0.3110 -0.8286 0.4654
vn -0.2155 -0.9217 0.3225
vn -0.1117 -0.9796 0.1671
vn -0.1421 0.9796 0.1421
vn -0.2743 0.9217 0.2743
vn -0.3958 0.8286 0.3958
vn -0.5021 0.7041 0.5021
vn -0.5893 0.5528 0.5893
vn -0.6539 0.3805 0.6539
vn -0.6937 0.1939 0.6937
vn -0.7071 -0.0000 0.7071
vn -0.6937 -0.1939 0.6937
vn -0.6539 -0.3805 0.6539
vn -0.5893 -0.5528 0.5893
vn -0.5021 -0.7041 0.5021
vn -0.3958 -0.8286 0.3958
vn -0.2743 -0.9217 0.2743
vn -0.1421 -0.9796 0.1421
vn -0.0000 -1.0000 -0.0000
vn -0.1671 0.9796 0.1117
vn -0.3225 0.9217 0.2155
vn -0.4654 0.8286 0.3110
vn -0.5905 0.7041 0.3945
vn -0.6929 0.5528 0.4630
vn -0.7689 0.3805 0.5138
vn -0.8157 0.1939 0.5450
vn -0.8315 -0.0000 0.5556
vn -0.8157 -0.1939 0.5450
vn -0.7689 -0.3805 0.5138
vn -0.6929 -0.5528 0.4630
vn -0.5905 -0.7041 0.3945
vn -0.4654 -0.8286 0.3110
vn -0.3225 -0.9217 0.2155
vn -0.1671 -0.9796 0.1117
vn -0.1857 0.9796 0.0769
vn -0.3584 0.9217 0.1484
vn -0.5172 0.8286 0.2142
vn -0.6561 0.7041 0.2718
vn -0.7699 0.5528 0.3189
vn -0.8544 0.3805 0.3539
vn -0.9063 0.1939 0.3754
vn -0.9239 -0.0000 0.3827
vn -0.9063 -0.1939 0.3754
vn -0.8544 -0.3805 0.3539
vn -0.7699 -0.5528 0.3189
vn -0.6561 -0.7041 0.2718
vn -0.5172 -0.8286 0.2142
vn -0.3584 -0.9217 0.1484
vn -0.1857 -0.9796 0.0769
vn -0.1971 0.9796 0.0392
vn -0.3804 0.9217 0.0757
vn -0.5490 0.8286 0.1092
vn -0.6965 0.7041 0.1385
vn -0.8173 0.5528 0.1626
vn -0.9070 0.3805 0.1804
vn -0.9622 0.1939 0.1914
vn -0.9808 -0.0000 0.1951
vn -0.9622 -0.1939 0.1914
vn -0.9070 -0.3805 0.1804
vn -0.8173 -0.5528 0.1626
vn -0.6965 -0.7041 0.1385
vn -0.5490 -0.8286 0.1092
vn -0.3804 -0.9217 0.0757
vn -0.1971 -0.9796 0.0392
vn -0.2010 0.9796 -0.0000
vn -0.3879 0.9217 -0.0000
vn -0.5598 0.8286 -0.0000
vn -0.7101 0.7041 -0.0000
vn -0.8333 0.5528 -0.0000
vn -0.9248 0.3805 -0.0000
vn -0.9810 0.1939 -0.0000
vn -1.0000 -0.0000 -0.0000
vn -0.9810 -0.1939 -0.0000
vn -0.9248 -0.3805 -0.0000
vn -0.8333 -0.5528 -0.0000
vn -0.7101 -0.7041 -0.0000
vn -0.5598 -0.8286 -0.0000
vn -0.3879 -0.9217 -0.0000
vn -0.2010 -0.9796 -0.0000
vn -0.1971 0.9796 -0.0392
vn -0.3804 0.9217 -0.0757
vn -0.5490 0.8286 -0.1092
vn -0.6965 0.7041 -0.1385
vn -0.8173 0.5528 -0.1626
vn -0.9070 0.3805 -0.1804
vn -0.9622 0.1939 -0.1914
vn -0.9808 -0.0000 -0.1951
vn -0.9622 -0.1939 -0.1914
vn -0.9070 -0.3805 -0.1804
vn -0.8173 -0.5528 -0.1626
vn -0.6965 -0.7041 -0.1385
vn -0.5490 -0.8286 -0.1092
vn -0.3804 -0.9217 -0.0757
vn -0.1971 -0.9796 -0.0392
vn -0.1857 0.9796 -0.0769
vn -0.3584 0.9217 -0.1484
vn -0.5172 0.8286 -0.2142
vn -0.6561 0.7041 -0.2718
vn -0.7699 0.5528 -0.3189
vn -0.8544 0.3805 -0.3539
vn -0.9063 0.1939 -0.3754
vn -0.9239 -0.0000 -0.3827
vn -0.9063 -0.1939 -0.3754
vn -0.8544 -0.3805 -0.3539
vn -0.7699 -0.5528 -0.3189
vn -0.6561 -0.7041 -0.2718
vn -0.5172 -0.8286 -0.2142
vn -0.3584 -0.9217 -0.1484
vn -0.1857 -0.9796 -0.0769
vn -0.1671 0.9796 -0.1117
vn -0.3225 0.9217 -0.2155
vn -0.4654 0.8286 -0.3110
vn -0.5905 0.7041 -0.3945
vn -0.6929 0.5528 -0.4630
vn -0.7689 0.3805 -0.5138
vn -0.8157 0.1939 -0.5450
vn -0.8315 -0.0000 -0.5556
vn -0.8157 -0.1939 -0.5450
vn -0.7689 -0.3805 -0.5138
vn -0.6929 -0.5528 -0.4630
vn -0.5905 -0.7041 -0.3945
vn -0.4654 -0.8286 -0.3110
vn -0.3225 -0.9217 -0.2155
vn -0.1671 -0.9796 -0.1117
vn -0.1421 0.9796 -0.1421
vn -0.2743 0.9217 -0.2743
vn -0.3958 0.8286 -0.3958
vn -0.5021 0.7041 -0.5021
vn -0.5893 0.5528 -0.5893
vn -0.6539 0.3805 -0.6539
vn -0.6937 0.1939 -0.6937
vn -0.7071 -0.0000 -0.7071
vn -0.6937 -0.1939 -0.6937
vn -0.6539 -0.3805 -0.6539
vn -0.5893 -0.5528 -0.5893
vn -0.5021 -0.7041 -0.5021
vn -0.3958 -0.8286 -0.3958
vn -0.2743 -0.9217 -0.2743
vn -0.1421 -0.9796 -0.1421
vn -0.1117 0.9796 -0.1671
vn -0.2155 0.9217 -0.3225
vn -0.3110 0.8286 -0.4654
vn -0.3945 0.7041 -0.5905
vn -0.4630 0.5528 -0.6929
vn -0.5138 0.3805 -0.7689
vn -0.5450 0.1939 -0.8157
vn -0.5556 -0.0000 -0.8315
vn -0.5450 -0.1939 -0.8157
vn -0.5138 -0.3805 -0.7689
vn -0.4630 -0.5528 -0.6929
vn -0.3945 -0.7041 -0.5905
vn -0.3110 -0.8286 -0.4654
vn -0.2155 -0.9217 -0.3225
vn -0.1117 -0.9796 -0.1671
vn -0.0769 0.9796 -0.1857
vn -0.1484 0.9217 -0.3584
vn -0.2142 0.8286 -0.5172
vn -0.2718 0.7041 -0.6561
vn -0.3189 0.5528 -0.7699
vn -0.3539 0.3805 -0.8544
vn -0.3754 0.1939 -0.9063
vn -0.3827 -0.0000 -0.9239
vn -0.3754 -0.1939 -0.9063
vn -0.3539 -0.3805 -0.8544
vn -0.3189 -0.5528 -0.7699
vn -0.2718 -0.7041 -0.6561
vn -0.2142 -0.8286 -0.5172
vn -0.1484 -0.9217 -0.3584
vn -0.0769 -0.9796 -0.1857
vn -0.0392 0.9796 -0.1971
vn -0.0757 0.9217 -0.3804
vn -0.1092 0.8286 -0.5490
vn -0.1385 0.7041 -0.6965
vn -0.1626 0.5528 -0.8173
vn -0.1804 0.3805 -0.9070
vn -0.1914 0.1939 -0.9622
vn -0.1951 -0.0000 -0.9808
vn -0.1914 -0.1939 -0.9622
vn -0.1804 -0.3805 -0.9070
vn -0.1626 -0.5528 -0.8173
vn -0.1385 -0.7041 -0.6965
vn -0.1092 -0.8286 -0.5490
vn -0.0757 -0.9217 -0.3804
vn -0.0392 -0.9796 -0.1971
vn -0.0000 0.9796 -0.2010
vn -0.0000 0.9217 -0.3879
vn -0.0000 0.7041 -0.7101
vn -0.0000 0.3805 -0.9248
vn -0.0000 -0.3805 -0.9248
vn -0.0000 -0.7041 -0.7101
vn -0.0000 -0.8286 -0.5598
vn -0.0000 -0.9217 -0.3879
vn -0.0000 -0.9796 -0.2010
vt 0.750000 0.562500
vt 0.750000 0.625000
vt 0.718750 0.625000
vt 0.718750 0.562500
vt 0.750000 0.062500
vt 0.750000 0.125000
vt 0.718750 0.125000
vt 0.718750 0.062500
vt 0.750000 0.500000
vt 0.718750 0.500000
vt 0.750000 0.937500
vt 0.734375 1.000000
vt 0.718750 0.937500
vt 0.734375 0.000000
vt 0.750000 0.437500
vt 0.718750 0.437500
vt 0.750000 0.875000
vt 0.718750 0.875000
vt 0.750000 0.375000
vt 0.718750 0.375000
vt 0.750000 0.812500
vt 0.718750 0.812500
vt 0.750000 0.312500
vt 0.718750 0.312500
vt 0.750000 0.750000
vt 0.718750 0.750000
vt 0.750000 0.250000
vt 0.718750 0.250000
vt 0.750000 0.687500
vt 0.718750 0.687500
vt 0.750000 0.187500
vt 0.718750 0.187500
vt 0.687500 0.687500
vt 0.687500 0.625000
vt 0.687500 0.187500
vt 0.687500 0.125000
vt 0.687500 0.562500
vt 0.687500 0.062500
vt 0.687500 0.500000
vt 0.703125 1.000000
vt 0.687500 0.937500
vt 0.703125 0.000000
vt 0.687500 0.437500
vt 0.687500 0.875000
vt 0.687500 0.375000
vt 0.687500 0.812500
vt 0.687500 0.312500
vt 0.687500 0.750000
vt 0.687500 0.250000
vt 0.656250 0.437500
vt 0.656250 0.375000
vt 0.656250 0.875000
vt 0.656250 0.812500
vt 0.656250 0.312500
vt 0.656250 0.750000
vt 0.656250 0.250000
vt 0.656250 0.687500
vt 0.656250 0.187500
vt 0.656250 0.625000
vt 0.656250 0.125000
vt 0.656250 0.562500
vt 0.656250 0.062500
vt 0.656250 0.500000
vt 0.671875 1.000000
vt 0.656250 0.937500
vt 0.671875 0.000000
vt 0.625000 0.187500
vt 0.625000 0.125000
vt 0.625000 0.625000
vt 0.625000 0.562500
vt 0.625000 0.062500
vt 0.625000 0.500000
vt 0.640625 1.000000
vt 0.625000 0.937500
vt 0.640625 0.000000
vt 0.625000 0.437500
vt 0.625000 0.875000
vt 0.625000 0.375000
vt 0.625000 0.812500
vt 0.625000 0.312500
vt 0.625000 0.750000
vt 0.625000 0.250000
vt 0.625000 0.687500
vt 0.593750 0.875000
vt 0.593750 0.812500
vt 0.593750 0.375000
vt 0.593750 0.312500
vt 0.593750 0.750000
vt 0.593750 0.250000
vt 0.593750 0.687500
vt 0.593750 0.187500
vt 0.593750 0.625000
vt 0.593750 0.125000
vt 0.593750 0.562500
vt 0.593750 0.062500
vt 0.593750 0.500000
vt 0.609375 1.000000
vt 0.593750 0.937500
vt 0.609375 0.000000
vt 0.593750 0.437500
vt 0.562500 0.625000
vt 0.562500 0.562500
vt 0.562500 0.125000
vt 0.562500 0.062500
vt 0.562500 0.500000
vt 0.578125 1.000000
vt 0.562500 0.937500
vt 0.578125 0.000000
vt 0.562500 0.437500
vt 0.562500 0.875000
vt 0.562500 0.375000
vt 0.562500 0.812500
vt 0.562500 0.312500
vt 0.562500 0.750000
vt 0.562500 0.250000
vt 0.562500 0.687500
vt 0.562500 0.187500
vt 0.531250 0.375000
vt 0.531250 0.312500
vt 0.531250 0.812500
vt 0.531250 0.750000
vt 0.531250 0.250000
vt 0.531250 0.687500
vt 0.531250 0.187500
vt 0.531250 0.625000
vt 0.531250 0.125000
vt 0.531250 0.562500
vt 0.531250 0.062500
vt 0.531250 0.500000
vt 0.546875 1.000000
vt 0.531250 0.937500
vt 0.546875 0.000000
vt 0.531250 0.437500
vt 0.531250 0.875000
vt 0.500000 0.125000
vt 0.500000 0.062500
vt 0.500000 0.562500
vt 0.500000 0.500000
vt 0.515625 1.000000
vt 0.500000 0.937500
vt 0.515625 0.000000
vt 0.500000 0.437500
vt 0.500000 0.875000
vt 0.500000 0.375000
vt 0.500000 0.812500
vt 0.500000 0.312500
vt 0.500000 0.750000
vt 0.500000 0.250000
vt 0.500000 0.687500
vt 0.500000 0.187500
vt 0.500000 0.625000
vt 0.468750 0.312500
vt 0.468750 0.250000
vt 0.468750 0.750000
vt 0.468750 0.687500
vt 0.468750 0.187500
vt 0.468750 0.625000
vt 0.468750 0.125000
vt 0.468750 0.562500
vt 0.468750 0.062500
vt 0.468750 0.500000
vt 0.484375 1.000000
vt 0.468750 0.937500
vt 0.484375 0.000000
vt 0.468750 0.437500
vt 0.468750 0.875000
vt 0.468750 0.375000
vt 0.468750 0.812500
vt 0.453125 1.000000
vt 0.437500 0.937500
vt 0.453125 0.000000
vt 0.437500 0.062500
vt 0.437500 0.500000
vt 0.437500 0.437500
vt 0.437500 0.875000
vt 0.437500 0.375000
vt 0.437500 0.812500
vt 0.437500 0.312500
vt 0.437500 0.750000
vt 0.437500 0.250000
vt 0.437500 0.687500
vt 0.437500 0.187500
vt 0.437500 0.625000
vt 0.437500 0.125000
vt 0.437500 0.562500
vt 0.406250 0.750000
vt 0.406250 0.687500
vt 0.406250 0.250000
vt 0.406250 0.187500
vt 0.406250 0.625000
vt 0.406250 0.125000
vt 0.406250 0.562500
vt 0.406250 0.062500
vt 0.406250 0.500000
vt 0.421875 1.000000
vt 0.406250 0.937500
vt 0.421875 0.000000
vt 0.406250 0.437500
vt 0.406250 0.875000
vt 0.406250 0.375000
vt 0.406250 0.812500
vt 0.406250 0.312500
vt 0.375000 0.500000
vt 0.375000 0.437500
vt 0.375000 0.937500
vt 0.375000 0.875000
vt 0.375000 0.375000
vt 0.375000 0.812500
vt 0.375000 0.312500
vt 0.375000 0.750000
vt 0.375000 0.250000
vt 0.375000 0.687500
vt 0.375000 0.187500
vt 0.375000 0.625000
vt 0.375000 0.125000
vt 0.375000 0.562500
vt 0.375000 0.062500
vt 0.390625 1.000000
vt 0.390625 0.000000
vt 0.343750 0.250000
vt 0.343750 0.187500
vt 0.343750 0.687500
vt 0.343750 0.625000
vt 0.343750 0.125000
vt 0.343750 0.562500
vt 0.343750 0.062500
vt 0.343750 0.500000
vt 0.359375 1.000000
vt 0.343750 0.937500
vt 0.359375 0.000000
vt 0.343750 0.437500
vt 0.343750 0.875000
vt 0.343750 0.375000
vt 0.343750 0.812500
vt 0.343750 0.312500
vt 0.343750 0.750000
vt 0.312500 0.937500
vt 0.312500 0.875000
vt 0.312500 0.437500
vt 0.312500 0.375000
vt 0.312500 0.812500
vt 0.312500 0.312500
vt 0.312500 0.750000
vt 0.312500 0.250000
vt 0.312500 0.687500
vt 0.312500 0.187500
vt 0.312500 0.625000
vt 0.312500 0.125000
vt 0.312500 0.562500
vt 0.312500 0.062500
vt 0.312500 0.500000
vt 0.328125 1.000000
vt 0.328125 0.000000
vt 0.281250 0.687500
vt 0.281250 0.625000
vt 0.281250 0.187500
vt 0.281250 0.125000
vt 0.281250 0.562500
vt 0.281250 0.062500
vt 0.281250 0.500000
vt 0.296875 1.000000
vt 0.281250 0.937500
vt 0.296875 0.000000
vt 0.281250 0.437500
vt 0.281250 0.875000
vt 0.281250 0.375000
vt 0.281250 0.812500
vt 0.281250 0.312500
vt 0.281250 0.750000
vt 0.281250 0.250000
vt 0.250000 0.437500
vt 0.250000 0.375000
vt 0.250000 0.875000
vt 0.250000 0.812500
vt 0.250000 0.312500
vt 0.250000 0.750000
vt 0.250000 0.250000
vt 0.250000 0.687500
vt 0.250000 0.187500
vt 0.250000 0.625000
vt 0.250000 0.125000
vt 0.250000 0.562500
vt 0.250000 0.062500
vt 0.250000 0.500000
vt 0.265625 1.000000
vt 0.250000 0.937500
vt 0.265625 0.000000
vt 0.218750 0.187500
vt 0.218750 0.125000
vt 0.218750 0.625000
vt 0.218750 0.562500
vt 0.218750 0.062500
vt 0.218750 0.500000
vt 0.234375 1.000000
vt 0.218750 0.937500
vt 0.234375 0.000000
vt 0.218750 0.437500
vt 0.218750 0.875000
vt 0.218750 0.375000
vt 0.218750 0.812500
vt 0.218750 0.312500
vt 0.218750 0.750000
vt 0.218750 0.250000
vt 0.218750 0.687500
vt 0.187500 0.375000
vt 0.187500 0.312500
vt 0.187500 0.812500
vt 0.187500 0.750000
vt 0.187500 0.250000
vt 0.187500 0.687500
vt 0.187500 0.187500
vt 0.187500 0.625000
vt 0.187500 0.125000
vt 0.187500 0.562500
vt 0.187500 0.062500
vt 0.187500 0.500000
vt 0.203125 1.000000
vt 0.187500 0.937500
vt 0.203125 0.000000
vt 0.187500 0.437500
vt 0.187500 0.875000
vt 0.156250 0.125000
vt 0.156250 0.062500
vt 0.156250 0.562500
vt 0.156250 0.500000
vt 0.171875 1.000000
vt 0.156250 0.937500
vt 0.171875 0.000000
vt 0.156250 0.437500
vt 0.156250 0.875000
vt 0.156250 0.375000
vt 0.156250 0.812500
vt 0.156250 0.312500
vt 0.156250 0.750000
vt 0.156250 0.250000
vt 0.156250 0.687500
vt 0.156250 0.187500
vt 0.156250 0.625000
vt 0.125000 0.812500
vt 0.125000 0.750000
vt 0.125000 0.312500
vt 0.125000 0.250000
vt 0.125000 0.687500
vt 0.125000 0.187500
vt 0.125000 0.625000
vt 0.125000 0.125000
vt 0.125000 0.562500
vt 0.125000 0.062500
vt 0.125000 0.500000
vt 0.140625 1.000000
vt 0.125000 0.937500
vt 0.140625 0.000000
vt 0.125000 0.437500
vt 0.125000 0.875000
vt 0.125000 0.375000
vt 0.093750 0.562500
vt 0.093750 0.500000
vt 0.109375 1.000000
vt 0.093750 0.937500
vt 0.109375 0.000000
vt 0.093750 0.062500
vt 0.093750 0.437500
vt 0.093750 0.875000
vt 0.093750 0.375000
vt 0.093750 0.812500
vt 0.093750 0.312500
vt 0.093750 0.750000
vt 0.093750 0.250000
vt 0.093750 0.687500
vt 0.093750 0.187500
vt 0.093750 0.625000
vt 0.093750 0.125000
vt 0.062500 0.312500
vt 0.062500 0.250000
vt 0.062500 0.750000
vt 0.062500 0.687500
vt 0.062500 0.187500
vt 0.062500 0.625000
vt 0.062500 0.125000
vt 0.062500 0.562500
vt 0.062500 0.062500
vt 0.062500 0.500000
vt 0.078125 1.000000
vt 0.062500 0.937500
vt 0.078125 0.000000
vt 0.062500 0.437500
vt 0.062500 0.875000
vt 0.062500 0.375000
vt 0.062500 0.812500
vt 0.046875 1.000000
vt 0.031250 0.937500
vt 0.046875 0.000000
vt 0.031250 0.062500
vt 0.031250 0.500000
vt 0.031250 0.437500
vt 0.031250 0.875000
vt 0.031250 0.375000
vt 0.031250 0.812500
vt 0.031250 0.312500
vt 0.031250 0.750000
vt 0.031250 0.250000
vt 0.031250 0.687500
vt 0.031250 0.187500
vt 0.031250 0.625000
vt 0.031250 0.125000
vt 0.031250 0.562500
vt 0.000000 0.750000
vt 0.000000 0.687500
vt 0.000000 0.250000
vt 0.000000 0.187500
vt 0.000000 0.625000
vt 0.000000 0.125000
vt 0.000000 0.562500
vt 0.000000 0.062500
vt 0.000000 0.500000
vt 0.015625 1.000000
vt 0.000000 0.937500
vt 0.015625 0.000000
vt 0.000000 0.437500
vt 0.000000 0.875000
vt 0.000000 0.375000
vt 0.000000 0.812500
vt 0.000000 0.312500
vt 1.000000 0.437500
vt 1.000000 0.500000
vt 0.968750 0.500000
vt 0.968750 0.437500
vt 1.000000 0.875000
vt 1.000000 0.937500
vt 0.968750 0.937500
vt 0.968750 0.875000
vt 1.000000 0.375000
vt 0.968750 0.375000
vt 1.000000 0.812500
vt 0.968750 0.812500
vt 1.000000 0.312500
vt 0.968750 0.312500
vt 1.000000 0.750000
vt 0.968750 0.750000
vt 1.000000 0.250000
vt 0.968750 0.250000
vt 1.000000 0.687500
vt 0.968750 0.687500
vt 1.000000 0.187500
vt 0.968750 0.187500
vt 1.000000 0.625000
vt 0.968750 0.625000
vt 1.000000 0.125000
vt 0.968750 0.125000
vt 1.000000 0.562500
vt 0.968750 0.562500
vt 1.000000 0.062500
vt 0.968750 0.062500
vt 0.984375 1.000000
vt 0.984375 0.000000
vt 0.937500 0.250000
vt 0.937500 0.187500
vt 0.937500 0.687500
vt 0.937500 0.625000
vt 0.937500 0.125000
vt 0.937500 0.562500
vt 0.937500 0.062500
vt 0.937500 0.500000
vt 0.953125 1.000000
vt 0.937500 0.937500
vt 0.953125 0.000000
vt 0.937500 0.437500
vt 0.937500 0.875000
vt 0.937500 0.375000
vt 0.937500 0.812500
vt 0.937500 0.312500
vt 0.937500 0.750000
vt 0.906250 0.437500
vt 0.906250 0.375000
vt 0.906250 0.875000
vt 0.906250 0.812500
vt 0.906250 0.312500
vt 0.906250 0.750000
vt 0.906250 0.250000
vt 0.906250 0.687500
vt 0.906250 0.187500
vt 0.906250 0.625000
vt 0.906250 0.125000
vt 0.906250 0.562500
vt 0.906250 0.062500
vt 0.906250 0.500000
vt 0.921875 1.000000
vt 0.906250 0.937500
vt 0.921875 0.000000
vt 0.875000 0.187500
vt 0.875000 0.125000
vt 0.875000 0.625000
vt 0.875000 0.562500
vt 0.875000 0.062500
vt 0.875000 0.500000
vt 0.890625 1.000000
vt 0.875000 0.937500
vt 0.890625 0.000000
vt 0.875000 0.437500
vt 0.875000 0.875000
vt 0.875000 0.375000
vt 0.875000 0.812500
vt 0.875000 0.312500
vt 0.875000 0.750000
vt 0.875000 0.250000
vt 0.875000 0.687500
vt 0.843750 0.875000
vt 0.843750 0.812500
vt 0.843750 0.375000
vt 0.843750 0.312500
vt 0.843750 0.750000
vt 0.843750 0.250000
vt 0.843750 0.687500
vt 0.843750 0.187500
vt 0.843750 0.625000
vt 0.843750 0.125000
vt 0.843750 0.562500
vt 0.843750 0.062500
vt 0.843750 0.500000
vt 0.859375 1.000000
vt 0.843750 0.937500
vt 0.859375 0.000000
vt 0.843750 0.437500
vt 0.812500 0.625000
vt 0.812500 0.562500
vt 0.812500 0.125000
vt 0.812500 0.062500
vt 0.812500 0.500000
vt 0.828125 1.000000
vt 0.812500 0.937500
vt 0.828125 0.000000
vt 0.812500 0.437500
vt 0.812500 0.875000
vt 0.812500 0.375000
vt 0.812500 0.812500
vt 0.812500 0.312500
vt 0.812500 0.750000
vt 0.812500 0.250000
vt 0.812500 0.687500
vt 0.812500 0.187500
vt 0.781250 0.375000
vt 0.781250 0.312500
vt 0.781250 0.812500
vt 0.781250 0.750000
vt 0.781250 0.250000
vt 0.781250 0.687500
vt 0.781250 0.187500
vt 0.781250 0.625000
vt 0.781250 0.125000
vt 0.781250 0.562500
vt 0.781250 0.062500
vt 0.781250 0.500000
vt 0.796875 1.000000
vt 0.781250 0.937500
vt 0.796875 0.000000
vt 0.781250 0.437500
vt 0.781250 0.875000
vt 0.765625 1.000000
vt 0.765625 0.000000
s 1
usemtl Material.005
f 3/1/3 477/2/477 12/3/12 13/4/13
f 482/5/482 481/6/481 20/7/20 21/8/21
f 4/9/4 3/1/3 13/4/13 14/10/14
f 474/11/474 82/12/82 7/13/7
f 308/14/308 482/5/482 21/8/21
f 5/15/5 4/9/4 14/10/14 15/16/15
f 475/17/475 474/11/474 7/13/7 8/18/8
f 478/19/478 5/15/5 15/16/15 16/20/16
f 1/21/1 475/17/475 8/18/8 9/22/9
f 6/23/6 478/19/478 16/20/16 17/24/17
f 476/25/476 1/21/1 9/22/9 10/26/10
f 479/27/479 6/23/6 17/24/17 18/28/18
f 2/29/2 476/25/476 10/26/10 11/30/11
f 480/31/480 479/27/479 18/28/18 19/32/19
f 477/2/477 2/29/2 11/30/11 12/3/12
f 481/6/481 480/31/480 19/32/19 20/7/20
f 12/3/12 11/30/11 26/33/26 27/34/27
f 20/7/20 19/32/19 34/35/34 35/36/35
f 13/4/13 12/3/12 27/34/27 28/37/28
f 21/8/21 20/7/20 35/36/35 36/38/36
f 14/10/14 13/4/13 28/37/28 29/39/29
f 7/13/7 82/40/82 22/41/22
f 308/42/308 21/8/21 36/38/36
f 15/16/15 14/10/14 29/39/29 30/43/30
f 8/18/8 7/13/7 22/41/22 23/44/23
f 16/20/16 15/16/15 30/43/30 31/45/31
f 9/22/9 8/18/8 23/44/23 24/46/24
f 17/24/17 16/20/16 31/45/31 32/47/32
f 10/26/10 9/22/9 24/46/24 25/48/25
f 18/28/18 17/24/17 32/47/32 33/49/33
f 11/30/11 10/26/10 25/48/25 26/33/26
f 19/32/19 18/28/18 33/49/33 34/35/34
f 31/45/31 30/43/30 45/50/45 46/51/46
f 24/46/24 23/44/23 38/52/38 39/53/39
f 32/47/32 31/45/31 46/51/46 47/54/47
f 25/48/25 24/46/24 39/53/39 40/55/40
f 33/49/33 32/47/32 47/54/47 48/56/48
f 26/33/26 25/48/25 40/55/40 41/57/41
f 34/35/34 33/49/33 48/56/48 49/58/49
f 27/34/27 26/33/26 41/57/41 42/59/42
f 35/36/35 34/35/34 49/58/49 50/60/50
f 28/37/28 27/34/27 42/59/42 43/61/43
f 36/38/36 35/36/35 50/60/50 51/62/51
f 29/39/29 28/37/28 43/61/43 44/63/44
f 22/41/22 82/64/82 37/65/37
f 308/66/308 36/38/36 51/62/51
f 30/43/30 29/39/29 44/63/44 45/50/45
f 23/44/23 22/41/22 37/65/37 38/52/38
f 50/60/50 49/58/49 64/67/64 65/68/65
f 43/61/43 42/59/42 57/69/57 58/70/58
f 51/62/51 50/60/50 65/68/65 66/71/66
f 44/63/44 43/61/43 58/70/58 59/72/59
f 37/65/37 82/73/82 52/74/52
f 308/75/308 51/62/51 66/71/66
f 45/50/45 44/63/44 59/72/59 60/76/60
f 38/52/38 37/65/37 52/74/52 53/77/53
f 46/51/46 45/50/45 60/76/60 61/78/61
f 39/53/39 38/52/38 53/77/53 54/79/54
f 47/54/47 46/51/46 61/78/61 62/80/62
f 40/55/40 39/53/39 54/79/54 55/81/55
f 48/56/48 47/54/47 62/80/62 63/82/63
f 41/57/41 40/55/40 55/81/55 56/83/56
f 49/58/49 48/56/48 63/82/63 64/67/64
f 42/59/42 41/57/41 56/83/56 57/69/57
f 54/79/54 53/77/53 68/84/68 69/85/69
f 62/80/62 61/78/61 76/86/76 77/87/77
f 55/81/55 54/79/54 69/85/69 70/88/70
f 63/82/63 62/80/62 77/87/77 78/89/78
f 56/83/56 55/81/55 70/88/70 71/90/71
f 64/67/64 63/82/63 78/89/78 79/91/79
f 57/69/57 56/83/56 71/90/71 72/92/72
f 65/68/65 64/67/64 79/91/79 80/93/80
f 58/70/58 57/69/57 72/92/72 73/94/73
f 66/71/66 65/68/65 80/93/80 81/95/81
f 59/72/59 58/70/58 73/94/73 74/96/74
f 52/74/52 82/97/82 67/98/67
f 308/99/308 66/71/66 81/95/81
f 60/76/60 59/72/59 74/96/74 75/100/75
f 53/77/53 52/74/52 67/98/67 68/84/68
f 61/78/61 60/76/60 75/100/75 76/86/76
f 73/94/73 72/92/72 88/101/88 89/102/89
f 81/95/81 80/93/80 96/103/96 97/104/97
f 74/96/74 73/94/73 89/102/89 90/105/90
f 67/98/67 82/106/82 83/107/83
f 308/108/308 81/95/81 97/104/97
f 75/100/75 74/96/74 90/105/90 91/109/91
f 68/84/68 67/98/67 83/107/83 84/110/84
f 76/86/76 75/100/75 91/109/91 92/111/92
f 69/85/69 68/84/68 84/110/84 85/112/85
f 77/87/77 76/86/76 92/111/92 93/113/93
f 70/88/70 69/85/69 85/112/85 86/114/86
f 78/89/78 77/87/77 93/113/93 94/115/94
f 71/90/71 70/88/70 86/114/86 87/116/87
f 79/91/79 78/89/78 94/115/94 95/117/95
f 72/92/72 71/90/71 87/116/87 88/101/88
f 80/93/80 79/91/79 95/117/95 96/103/96
f 93/113/93 92/111/92 107/118/107 108/119/108
f 86/114/86 85/112/85 100/120/100 101/121/101
f 94/115/94 93/113/93 108/119/108 109/122/109
f 87/116/87 86/114/86 101/121/101 102/123/102
f 95/117/95 94/115/94 109/122/109 110/124/110
f 88/101/88 87/116/87 102/123/102 103/125/103
f 96/103/96 95/117/95 110/124/110 111/126/111
f 89/102/89 88/101/88 103/125/103 104/127/104
f 97/104/97 96/103/96 111/126/111 112/128/112
f 90/105/90 89/102/89 104/127/104 105/129/105
f 83/107/83 82/130/82 98/131/98
f 308/132/308 97/104/97 112/128/112
f 91/109/91 90/105/90 105/129/105 106/133/106
f 84/110/84 83/107/83 98/131/98 99/134/99
f 92/111/92 91/109/91 106/133/106 107/118/107
f 85/112/85 84/110/84 99/134/99 100/120/100
f 112/128/112 111/126/111 126/135/126 127/136/127
f 105/129/105 104/127/104 119/137/119 120/138/120
f 98/131/98 82/139/82 113/140/113
f 308/141/308 112/128/112 127/136/127
f 106/133/106 105/129/105 120/138/120 121/142/121
f 99/134/99 98/131/98 113/140/113 114/143/114
f 107/118/107 106/133/106 121/142/121 122/144/122
f 100/120/100 99/134/99 114/143/114 115/145/115
f 108/119/108 107/118/107 122/144/122 123/146/123
f 101/121/101 100/120/100 115/145/115 116/147/116
f 109/122/109 108/119/108 123/146/123 124/148/124
f 102/123/102 101/121/101 116/147/116 117/149/117
f 110/124/110 109/122/109 124/148/124 125/150/125
f 103/125/103 102/123/102 117/149/117 118/151/118
f 111/126/111 110/124/110 125/150/125 126/135/126
f 104/127/104 103/125/103 118/151/118 119/137/119
f 124/148/124 123/146/123 138/152/138 139/153/139
f 117/149/117 116/147/116 131/154/131 132/155/132
f 125/150/125 124/148/124 139/153/139 140/156/140
f 118/151/118 117/149/117 132/155/132 133/157/133
f 126/135/126 125/150/125 140/156/140 141/158/141
f 119/137/119 118/151/118 133/157/133 134/159/134
f 127/136/127 126/135/126 141/158/141 142/160/142
f 120/138/120 119/137/119 134/159/134 135/161/135
f 113/140/113 82/162/82 128/163/128
f 308/164/308 127/136/127 142/160/142
f 121/142/121 120/138/120 135/161/135 136/165/136
f 114/143/114 113/140/113 128/163/128 129/166/129
f 122/144/122 121/142/121 136/165/136 137/167/137
f 115/145/115 114/143/114 129/166/129 130/168/130
f 123/146/123 122/144/122 137/167/137 138/152/138
f 116/147/116 115/145/115 130/168/130 131/154/131
f 128/163/128 82/169/82 143/170/143
f 308/171/308 142/160/142 157/172/157
f 136/165/136 135/161/135 150/173/150 151/174/151
f 129/166/129 128/163/128 143/170/143 144/175/144
f 137/167/137 136/165/136 151/174/151 152/176/152
f 130/168/130 129/166/129 144/175/144 145/177/145
f 138/152/138 137/167/137 152/176/152 153/178/153
f 131/154/131 130/168/130 145/177/145 146/179/146
f 139/153/139 138/152/138 153/178/153 154/180/154
f 132/155/132 131/154/131 146/179/146 147/181/147
f 140/156/140 139/153/139 154/180/154 155/182/155
f 133/157/133 132/155/132 147/181/147 148/183/148
f 141/158/141 140/156/140 155/182/155 156/184/156
f 134/159/134 133/157/133 148/183/148 149/185/149
f 142/160/142 141/158/141 156/184/156 157/172/157
f 135/161/135 134/159/134 149/185/149 150/173/150
f 147/181/147 146/179/146 161/186/161 162/187/162
f 155/182/155 154/180/154 169/188/169 170/189/170
f 148/183/148 147/181/147 162/187/162 163/190/163
f 156/184/156 155/182/155 170/189/170 171/191/171
f 149/185/149 148/183/148 163/190/163 164/192/164
f 157/172/157 156/184/156 171/191/171 172/193/172
f 150/173/150 149/185/149 164/192/164 165/194/165
f 143/170/143 82/195/82 158/196/158
f 308/197/308 157/172/157 172/193/172
f 151/174/151 150/173/150 165/194/165 166/198/166
f 144/175/144 143/170/143 158/196/158 159/199/159
f 152/176/152 151/174/151 166/198/166 167/200/167
f 145/177/145 144/175/144 159/199/159 160/201/160
f 153/178/153 152/176/152 167/200/167 168/202/168
f 146/179/146 145/177/145 160/201/160 161/186/161
f 154/180/154 153/178/153 168/202/168 169/188/169
f 166/198/166 165/194/165 180/203/180 181/204/181
f 159/199/159 158/196/158 173/205/173 174/206/174
f 167/200/167 166/198/166 181/204/181 182/207/182
f 160/201/160 159/199/159 174/206/174 175/208/175
f 168/202/168 167/200/167 182/207/182 183/209/183
f 161/186/161 160/201/160 175/208/175 176/210/176
f 169/188/169 168/202/168 183/209/183 184/211/184
f 162/187/162 161/186/161 176/210/176 177/212/177
f 170/189/170 169/188/169 184/211/184 185/213/185
f 163/190/163 162/187/162 177/212/177 178/214/178
f 171/191/171 170/189/170 185/213/185 186/215/186
f 164/192/164 163/190/163 178/214/178 179/216/179
f 172/193/172 171/191/171 186/215/186 187/217/187
f 165/194/165 164/192/164 179/216/179 180/203/180
f 158/196/158 82/218/82 173/205/173
f 308/219/308 172/193/172 187/217/187
f 185/213/185 184/211/184 199/220/199 200/221/200
f 178/214/178 177/212/177 192/222/192 193/223/193
f 186/215/186 185/213/185 200/221/200 201/224/201
f 179/216/179 178/214/178 193/223/193 194/225/194
f 187/217/187 186/215/186 201/224/201 202/226/202
f 180/203/180 179/216/179 194/225/194 195/227/195
f 173/205/173 82/228/82 188/229/188
f 308/230/308 187/217/187 202/226/202
f 181/204/181 180/203/180 195/227/195 196/231/196
f 174/206/174 173/205/173 188/229/188 189/232/189
f 182/207/182 181/204/181 196/231/196 197/233/197
f 175/208/175 174/206/174 189/232/189 190/234/190
f 183/209/183 182/207/182 197/233/197 198/235/198
f 176/210/176 175/208/175 190/234/190 191/236/191
f 184/211/184 183/209/183 198/235/198 199/220/199
f 177/212/177 176/210/176 191/236/191 192/222/192
f 189/232/189 188/229/188 203/237/203 204/238/204
f 197/233/197 196/231/196 211/239/211 212/240/212
f 190/234/190 189/232/189 204/238/204 205/241/205
f 198/235/198 197/233/197 212/240/212 213/242/213
f 191/236/191 190/234/190 205/241/205 206/243/206
f 199/220/199 198/235/198 213/242/213 214/244/214
f 192/222/192 191/236/191 206/243/206 207/245/207
f 200/221/200 199/220/199 214/244/214 215/246/215
f 193/223/193 192/222/192 207/245/207 208/247/208
f 201/224/201 200/221/200 215/246/215 216/248/216
f 194/225/194 193/223/193 208/247/208 209/249/209
f 202/226/202 201/224/201 216/248/216 217/250/217
f 195/227/195 194/225/194 209/249/209 210/251/210
f 188/229/188 82/252/82 203/237/203
f 308/253/308 202/226/202 217/250/217
f 196/231/196 195/227/195 210/251/210 211/239/211
f 208/247/208 207/245/207 222/254/222 223/255/223
f 216/248/216 215/246/215 230/256/230 231/257/231
f 209/249/209 208/247/208 223/255/223 224/258/224
f 217/250/217 216/248/216 231/257/231 232/259/232
f 210/251/210 209/249/209 224/258/224 225/260/225
f 203/237/203 82/261/82 218/262/218
f 308/263/308 217/250/217 232/259/232
f 211/239/211 210/251/210 225/260/225 226/264/226
f 204/238/204 203/237/203 218/262/218 219/265/219
f 212/240/212 211/239/211 226/264/226 227/266/227
f 205/241/205 204/238/204 219/265/219 220/267/220
f 213/242/213 212/240/212 227/266/227 228/268/228
f 206/243/206 205/241/205 220/267/220 221/269/221
f 214/244/214 213/242/213 228/268/228 229/270/229
f 207/245/207 206/243/206 221/269/221 222/254/222
f 215/246/215 214/244/214 229/270/229 230/256/230
f 227/266/227 226/264/226 241/271/241 242/272/242
f 220/267/220 219/265/219 234/273/234 235/274/235
f 228/268/228 227/266/227 242/272/242 243/275/243
f 221/269/221 220/267/220 235/274/235 236/276/236
f 229/270/229 228/268/228 243/275/243 244/277/244
f 222/254/222 221/269/221 236/276/236 237/278/237
f 230/256/230 229/270/229 244/277/244 245/279/245
f 223/255/223 222/254/222 237/278/237 238/280/238
f 231/257/231 230/256/230 245/279/245 246/281/246
f 224/258/224 223/255/223 238/280/238 239/282/239
f 232/259/232 231/257/231 246/281/246 247/283/247
f 225/260/225 224/258/224 239/282/239 240/284/240
f 218/262/218 82/285/82 233/286/233
f 308/287/308 232/259/232 247/283/247
f 226/264/226 225/260/225 240/284/240 241/271/241
f 219/265/219 218/262/218 233/286/233 234/273/234
f 246/281/246 245/279/245 260/288/260 261/289/261
f 239/282/239 238/280/238 253/290/253 254/291/254
f 247/283/247 246/281/246 261/289/261 262/292/262
f 240/284/240 239/282/239 254/291/254 255/293/255
f 233/286/233 82/294/82 248/295/248
f 308/296/308 247/283/247 262/292/262
f 241/271/241 240/284/240 255/293/255 256/297/256
f 234/273/234 233/286/233 248/295/248 249/298/249
f 242/272/242 241/271/241 256/297/256 257/299/257
f 235/274/235 234/273/234 249/298/249 250/300/250
f 243/275/243 242/272/242 257/299/257 258/301/258
f 236/276/236 235/274/235 250/300/250 251/302/251
f 244/277/244 243/275/243 258/301/258 259/303/259
f 237/278/237 236/276/236 251/302/251 252/304/252
f 245/279/245 244/277/244 259/303/259 260/288/260
f 238/280/238 237/278/237 252/304/252 253/290/253
f 258/301/258 257/299/257 272/305/272 273/306/273
f 251/302/251 250/300/250 265/307/265 266/308/266
f 259/303/259 258/301/258 273/306/273 274/309/274
f 252/304/252 251/302/251 266/308/266 267/310/267
f 260/288/260 259/303/259 274/309/274 275/311/275
f 253/290/253 252/304/252 267/310/267 268/312/268
f 261/289/261 260/288/260 275/311/275 276/313/276
f 254/291/254 253/290/253 268/312/268 269/314/269
f 262/292/262 261/289/261 276/313/276 277/315/277
f 255/293/255 254/291/254 269/314/269 270/316/270
f 248/295/248 82/317/82 263/318/263
f 308/319/308 262/292/262 277/315/277
f 256/297/256 255/293/255 270/316/270 271/320/271
f 249/298/249 248/295/248 263/318/263 264/321/264
f 257/299/257 256/297/256 271/320/271 272/305/272
f 250/300/250 249/298/249 264/321/264 265/307/265
f 277/315/277 276/313/276 291/322/291 292/323/292
f 270/316/270 269/314/269 284/324/284 285/325/285
f 263/318/263 82/326/82 278/327/278
f 308/328/308 277/315/277 292/323/292
f 271/320/271 270/316/270 285/325/285 286/329/286
f 264/321/264 263/318/263 278/327/278 279/330/279
f 272/305/272 271/320/271 286/329/286 287/331/287
f 265/307/265 264/321/264 279/330/279 280/332/280
f 273/306/273 272/305/272 287/331/287 288/333/288
f 266/308/266 265/307/265 280/332/280 281/334/281
f 274/309/274 273/306/273 288/333/288 289/335/289
f 267/310/267 266/308/266 281/334/281 282/336/282
f 275/311/275 274/309/274 289/335/289 290/337/290
f 268/312/268 267/310/267 282/336/282 283/338/283
f 276/313/276 275/311/275 290/337/290 291/322/291
f 269/314/269 268/312/268 283/338/283 284/324/284
f 281/334/281 280/332/280 295/339/295 296/340/296
f 289/335/289 288/333/288 303/341/303 304/342/304
f 282/336/282 281/334/281 296/340/296 297/343/297
f 290/337/290 289/335/289 304/342/304 305/344/305
f 283/338/283 282/336/282 297/343/297 298/345/298
f 291/322/291 290/337/290 305/344/305 306/346/306
f 284/324/284 283/338/283 298/345/298 299/347/299
f 292/323/292 291/322/291 306/346/306 307/348/307
f 285/325/285 284/324/284 299/347/299 300/349/300
f 278/327/278 82/350/82 293/351/293
f 308/352/308 292/323/292 307/348/307
f 286/329/286 285/325/285 300/349/300 301/353/301
f 279/330/279 278/327/278 293/351/293 294/354/294
f 287/331/287 286/329/286 301/353/301 302/355/302
f 280/332/280 279/330/279 294/354/294 295/339/295
f 288/333/288 287/331/287 302/355/302 303/341/303
f 300/349/300 299/347/299 315/356/315 316/357/316
f 293/351/293 82/358/82 309/359/309
f 308/360/308 307/348/307 323/361/323
f 301/353/301 300/349/300 316/357/316 317/362/317
f 294/354/294 293/351/293 309/359/309 310/363/310
f 302/355/302 301/353/301 317/362/317 318/364/318
f 295/339/295 294/354/294 310/363/310 311/365/311
f 303/341/303 302/355/302 318/364/318 319/366/319
f 296/340/296 295/339/295 311/365/311 312/367/312
f 304/342/304 303/341/303 319/366/319 320/368/320
f 297/343/297 296/340/296 312/367/312 313/369/313
f 305/344/305 304/342/304 320/368/320 321/370/321
f 298/345/298 297/343/297 313/369/313 314/371/314
f 306/346/306 305/344/305 321/370/321 322/372/322
f 299/347/299 298/345/298 314/371/314 315/356/315
f 307/348/307 306/346/306 322/372/322 323/361/323
f 320/368/320 319/366/319 334/373/334 335/374/335
f 313/369/313 312/367/312 327/375/327 328/376/328
f 321/370/321 320/368/320 335/374/335 336/377/336
f 314/371/314 313/369/313 328/376/328 329/378/329
f 322/372/322 321/370/321 336/377/336 337/379/337
f 315/356/315 314/371/314 329/378/329 330/380/330
f 323/361/323 322/372/322 337/379/337 338/381/338
f 316/357/316 315/356/315 330/380/330 331/382/331
f 309/359/309 82/383/82 324/384/324
f 308/385/308 323/361/323 338/381/338
f 317/362/317 316/357/316 331/382/331 332/386/332
f 310/363/310 309/359/309 324/384/324 325/387/325
f 318/364/318 317/362/317 332/386/332 333/388/333
f 311/365/311 310/363/310 325/387/325 326/389/326
f 319/366/319 318/364/318 333/388/333 334/373/334
f 312/367/312 311/365/311 326/389/326 327/375/327
f 324/384/324 82/390/82 339/391/339
f 308/392/308 338/381/338 353/393/353
f 332/386/332 331/382/331 346/394/346 347/395/347
f 325/387/325 324/384/324 339/391/339 340/396/340
f 333/388/333 332/386/332 347/395/347 348/397/348
f 326/389/326 325/387/325 340/396/340 341/398/341
f 334/373/334 333/388/333 348/397/348 349/399/349
f 327/375/327 326/389/326 341/398/341 342/400/342
f 335/374/335 334/373/334 349/399/349 350/401/350
f 328/376/328 327/375/327 342/400/342 343/402/343
f 336/377/336 335/374/335 350/401/350 351/403/351
f 329/378/329 328/376/328 343/402/343 344/404/344
f 337/379/337 336/377/336 351/403/351 352/405/352
f 330/380/330 329/378/329 344/404/344 345/406/345
f 338/381/338 337/379/337 352/405/352 353/393/353
f 331/382/331 330/380/330 345/406/345 346/394/346
f 343/402/343 342/400/342 357/407/357 358/408/358
f 351/403/351 350/401/350 365/409/365 366/410/366
f 344/404/344 343/402/343 358/408/358 359/411/359
f 352/405/352 351/403/351 366/410/366 367/412/367
f 345/406/345 344/404/344 359/411/359 360/413/360
f 353/393/353 352/405/352 367/412/367 368/414/368
f 346/394/346 345/406/345 360/413/360 361/415/361
f 339/391/339 82/416/82 354/417/354
f 308/418/308 353/393/353 368/414/368
f 347/395/347 346/394/346 361/415/361 362/419/362
f 340/396/340 339/391/339 354/417/354 355/420/355
f 348/397/348 347/395/347 362/419/362 363/421/363
f 341/398/341 340/396/340 355/420/355 356/422/356
f 349/399/349 348/397/348 363/421/363 364/423/364
f 342/400/342 341/398/341 356/422/356 357/407/357
f 350/401/350 349/399/349 364/423/364 365/409/365
f 362/424/362 361/425/361 376/426/376 377/427/377
f 355/428/355 354/429/354 369/430/369 370/431/370
f 363/432/363 362/424/362 377/427/377 378/433/378
f 356/434/356 355/428/355 370/431/370 371/435/371
f 364/436/364 363/432/363 378/433/378 379/437/379
f 357/438/357 356/434/356 371/435/371 372/439/372
f 365/440/365 364/436/364 379/437/379 380/441/380
f 358/442/358 357/438/357 372/439/372 373/443/373
f 366/444/366 365/440/365 380/441/380 381/445/381
f 359/446/359 358/442/358 373/443/373 374/447/374
f 367/448/367 366/444/366 381/445/381 382/449/382
f 360/450/360 359/446/359 374/447/374 375/451/375
f 368/452/368 367/448/367 382/449/382 383/453/383
f 361/425/361 360/450/360 375/451/375 376/426/376
f 354/429/354 82/454/82 369/430/369
f 308/455/308 368/452/368 383/453/383
f 381/445/381 380/441/380 395/456/395 396/457/396
f 374/447/374 373/443/373 388/458/388 389/459/389
f 382/449/382 381/445/381 396/457/396 397/460/397
f 375/451/375 374/447/374 389/459/389 390/461/390
f 383/453/383 382/449/382 397/460/397 398/462/398
f 376/426/376 375/451/375 390/461/390 391/463/391
f 369/430/369 82/464/82 384/465/384
f 308/466/308 383/453/383 398/462/398
f 377/427/377 376/426/376 391/463/391 392/467/392
f 370/431/370 369/430/369 384/465/384 385/468/385
f 378/433/378 377/427/377 392/467/392 393/469/393
f 371/435/371 370/431/370 385/468/385 386/470/386
f 379/437/379 378/433/378 393/469/393 394/471/394
f 372/439/372 371/435/371 386/470/386 387/472/387
f 380/441/380 379/437/379 394/471/394 395/456/395
f 373/443/373 372/439/372 387/472/387 388/458/388
f 393/469/393 392/467/392 407/473/407 408/474/408
f 386/470/386 385/468/385 400/475/400 401/476/401
f 394/471/394 393/469/393 408/474/408 409/477/409
f 387/472/387 386/470/386 401/476/401 402/478/402
f 395/456/395 394/471/394 409/477/409 410/479/410
f 388/458/388 387/472/387 402/478/402 403/480/403
f 396/457/396 395/456/395 410/479/410 411/481/411
f 389/459/389 388/458/388 403/480/403 404/482/404
f 397/460/397 396/457/396 411/481/411 412/483/412
f 390/461/390 389/459/389 404/482/404 405/484/405
f 398/462/398 397/460/397 412/483/412 413/485/413
f 391/463/391 390/461/390 405/484/405 406/486/406
f 384/465/384 82/487/82 399/488/399
f 308/489/308 398/462/398 413/485/413
f 392/467/392 391/463/391 406/486/406 407/473/407
f 385/468/385 384/465/384 399/488/399 400/475/400
f 412/483/412 411/481/411 426/490/426 427/491/427
f 405/484/405 404/482/404 419/492/419 420/493/420
f 413/485/413 412/483/412 427/491/427 428/494/428
f 406/486/406 405/484/405 420/493/420 421/495/421
f 399/488/399 82/496/82 414/497/414
f 308/498/308 413/485/413 428/494/428
f 407/473/407 406/486/406 421/495/421 422/499/422
f 400/475/400 399/488/399 414/497/414 415/500/415
f 408/474/408 407/473/407 422/499/422 423/501/423
f 401/476/401 400/475/400 415/500/415 416/502/416
f 409/477/409 408/474/408 423/501/423 424/503/424
f 402/478/402 401/476/401 416/502/416 417/504/417
f 410/479/410 409/477/409 424/503/424 425/505/425
f 403/480/403 402/478/402 417/504/417 418/506/418
f 411/481/411 410/479/410 425/505/425 426/490/426
f 404/482/404 403/480/403 418/506/418 419/492/419
f 416/502/416 415/500/415 430/507/430 431/508/431
f 424/503/424 423/501/423 438/509/438 439/510/439
f 417/504/417 416/502/416 431/508/431 432/511/432
f 425/505/425 424/503/424 439/510/439 440/512/440
f 418/506/418 417/504/417 432/511/432 433/513/433
f 426/490/426 425/505/425 440/512/440 441/514/441
f 419/492/419 418/506/418 433/513/433 434/515/434
f 427/491/427 426/490/426 441/514/441 442/516/442
f 420/493/420 419/492/419 434/515/434 435/517/435
f 428/494/428 427/491/427 442/516/442 443/518/443
f 421/495/421 420/493/420 435/517/435 436/519/436
f 414/497/414 82/520/82 429/521/429
f 308/522/308 428/494/428 443/518/443
f 422/499/422 421/495/421 436/519/436 437/523/437
f 415/500/415 414/497/414 429/521/429 430/507/430
f 423/501/423 422/499/422 437/523/437 438/509/438
f 435/517/435 434/515/434 449/524/449 450/525/450
f 443/518/443 442/516/442 457/526/457 458/527/458
f 436/519/436 435/517/435 450/525/450 451/528/451
f 429/521/429 82/529/82 444/530/444
f 308/531/308 443/518/443 458/527/458
f 437/523/437 436/519/436 451/528/451 452/532/452
f 430/507/430 429/521/429 444/530/444 445/533/445
f 438/509/438 437/523/437 452/532/452 453/534/453
f 431/508/431 430/507/430 445/533/445 446/535/446
f 439/510/439 438/509/438 453/534/453 454/536/454
f 432/511/432 431/508/431 446/535/446 447/537/447
f 440/512/440 439/510/439 454/536/454 455/538/455
f 433/513/433 432/511/432 447/537/447 448/539/448
f 441/514/441 440/512/440 455/538/455 456/540/456
f 434/515/434 433/513/433 448/539/448 449/524/449
f 442/516/442 441/514/441 456/540/456 457/526/457
f 454/536/454 453/534/453 468/541/468 469/542/469
f 447/537/447 446/535/446 461/543/461 462/544/462
f 455/538/455 454/536/454 469/542/469 470/545/470
f 448/539/448 447/537/447 462/544/462 463/546/463
f 456/540/456 455/538/455 470/545/470 471/547/471
f 449/524/449 448/539/448 463/546/463 464/548/464
f 457/526/457 456/540/456 471/547/471 472/549/472
f 450/525/450 449/524/449 464/548/464 465/550/465
f 458/527/458 457/526/457 472/549/472 473/551/473
f 451/528/451 450/525/450 465/550/465 466/552/466
f 444/530/444 82/553/82 459/554/459
f 308/555/308 458/527/458 473/551/473
f 452/532/452 451/528/451 466/552/466 467/556/467
f 445/533/445 444/530/444 459/554/459 460/557/460
f 453/534/453 452/532/452 467/556/467 468/541/468
f 446/535/446 445/533/445 460/557/460 461/543/461
f 473/551/473 472/549/472 481/6/481 482/5/482
f 466/552/466 465/550/465 3/1/3 4/9/4
f 459/554/459 82/558/82 474/11/474
f 308/559/308 473/551/473 482/5/482
f 467/556/467 466/552/466 4/9/4 5/15/5
f 460/557/460 459/554/459 474/11/474 475/17/475
f 468/541/468 467/556/467 5/15/5 478/19/478
f 461/543/461 460/557/460 475/17/475 1/21/1
f 469/542/469 468/541/468 478/19/478 6/23/6
f 462/544/462 461/543/461 1/21/1 476/25/476
f 470/545/470 469/542/469 6/23/6 479/27/479
f 463/546/463 462/544/462 476/25/476 2/29/2
f 471/547/471 470/545/470 479/27/479 480/31/480
f 464/548/464 463/546/463 2/29/2 477/2/477
f 472/549/472 471/547/471 480/31/480 481/6/481
f 465/550/465 464/548/464 477/2/477 3/1/3
o Circle.001
v -0.000000 -0.025000 -15.047604
v -2.935642 -0.025000 -14.758468
v -5.758469 -0.025000 -13.902174
v -8.360003 -0.025000 -12.511627
v -10.640265 -0.025000 -10.640265
v -12.511626 -0.025000 -8.360003
v -13.902174 -0.025000 -5.758469
v -14.758469 -0.025000 -2.935642
v -15.047604 -0.025000 -0.000000
v -14.758468 -0.025000 2.935642
v -13.902174 -0.025000 5.758469
v -12.511627 -0.025000 8.360003
v -10.640265 -0.025000 10.640265
v -8.360003 -0.025000 12.511626
v -5.758469 -0.025000 13.902174
v -2.935642 -0.025000 14.758469
v -0.000000 -0.025000 15.047604
v 2.935642 -0.025000 14.758468
v 5.758469 -0.025000 13.902174
v 8.360003 -0.025000 12.511627
v 10.640265 -0.025000 10.640265
v 12.511626 -0.025000 8.360002
v 13.902174 -0.025000 5.758469
v 14.758469 -0.025000 2.935642
v 15.047604 -0.025000 -0.000000
v 14.758468 -0.025000 -2.935642
v 13.902174 -0.025000 -5.758469
v 12.511627 -0.025000 -8.360003
v 10.640265 -0.025000 -10.640265
v 8.360003 -0.025000 -12.511626
v 5.758469 -0.025000 -13.902174
v 2.935642 -0.025000 -14.758469
v -0.000000 -0.025000 15.622315
v 3.047762 -0.025000 15.322135
v 5.978401 -0.025000 14.433135
v 8.679294 -0.025000 12.989481
v 11.046646 -0.025000 11.046646
v 12.989481 -0.025000 8.679293
v 14.433136 -0.025000 5.978400
v 15.322135 -0.025000 3.047762
v 15.622315 -0.025000 -0.000001
v 15.322135 -0.025000 -3.047763
v 14.433135 -0.025000 -5.978401
v 12.989481 -0.025000 -8.679294
v 11.046646 -0.025000 -11.046646
v 8.679293 -0.025000 -12.989481
v 5.978401 -0.025000 -14.433136
v 3.047762 -0.025000 -15.322135
v -0.000000 -0.025000 -15.622315
v -3.047763 -0.025000 -15.322135
v -5.978401 -0.025000 -14.433135
v -8.679294 -0.025000 -12.989481
v -11.046646 -0.025000 -11.046646
v -12.989481 -0.025000 -8.679293
v -14.433136 -0.025000 -5.978402
v -15.322135 -0.025000 -3.047763
v -15.622315 -0.025000 -0.000001
v -15.322135 -0.025000 3.047762
v -14.433135 -0.025000 5.978400
v -12.989481 -0.025000 8.679294
v -11.046646 -0.025000 11.046646
v -8.679293 -0.025000 12.989481
v -5.978401 -0.025000 14.433136
v -3.047763 -0.025000 15.322135
v -0.000000 -0.125000 -15.047604
v -2.935642 -0.125000 -14.758468
v -5.758470 -0.125000 -13.902173
v -8.360003 -0.125000 -12.511626
v -10.640264 -0.125000 -10.640265
v -12.511625 -0.125000 -8.360002
v -13.902173 -0.125000 -5.758469
v -14.758468 -0.125000 -2.935642
v -15.047604 -0.125000 -0.000000
v -14.758468 -0.125000 2.935642
v -13.902173 -0.125000 5.758470
v -12.511626 -0.125000 8.360003
v -10.640265 -0.125000 10.640264
v -8.360002 -0.125000 12.511625
v -5.758469 -0.125000 13.902173
v -2.935642 -0.125000 14.758468
v -0.000000 -0.125000 15.047604
v 2.935642 -0.125000 14.758468
v 5.758470 -0.125000 13.902173
v 8.360003 -0.125000 12.511626
v 10.640264 -0.125000 10.640265
v 12.511625 -0.125000 8.360002
v 13.902173 -0.125000 5.758469
v 14.758468 -0.125000 2.935642
v 15.047604 -0.125000 -0.000000
v 14.758468 -0.125000 -2.935642
v 13.902173 -0.125000 -5.758470
v 12.511626 -0.125000 -8.360003
v 10.640265 -0.125000 -10.640264
v 8.360002 -0.125000 -12.511625
v 5.758469 -0.125000 -13.902173
v 2.935642 -0.125000 -14.758468
v -0.000000 -0.125000 15.622313
v 3.047762 -0.125000 15.322135
v 5.978402 -0.125000 14.433136
v 8.679294 -0.125000 12.989481
v 11.046645 -0.125000 11.046646
v 12.989480 -0.125000 8.679293
v 14.433135 -0.125000 5.978401
v 15.322135 -0.125000 3.047762
v 15.622313 -0.125000 -0.000001
v 15.322135 -0.125000 -3.047763
v 14.433136 -0.125000 -5.978402
v 12.989481 -0.125000 -8.679294
v 11.046646 -0.125000 -11.046645
v 8.679293 -0.125000 -12.989480
v 5.978401 -0.125000 -14.433135
v 3.047762 -0.125000 -15.322135
v -0.000000 -0.125000 -15.622313
v -3.047763 -0.125000 -15.322135
v -5.978402 -0.125000 -14.433136
v -8.679294 -0.125000 -12.989481
v -11.046645 -0.125000 -11.046646
v -12.989480 -0.125000 -8.679293
v -14.433135 -0.125000 -5.978402
v -15.322135 -0.125000 -3.047763
v -15.622313 -0.125000 -0.000001
v -15.322135 -0.125000 3.047762
v -14.433136 -0.125000 5.978401
v -12.989481 -0.125000 8.679294
v -11.046646 -0.125000 11.046645
v -8.679293 -0.125000 12.989480
v -5.978401 -0.125000 14.433135
v -3.047763 -0.125000 15.322135
v -1.474918 -0.025000 -14.975088
v -4.368073 -0.025000 -14.399602
v -7.093365 -0.025000 -13.270750
v -9.546062 -0.025000 -11.631910
v -11.631910 -0.025000 -9.546062
v -13.270751 -0.025000 -7.093365
v -14.399603 -0.025000 -4.368072
v -14.975088 -0.025000 -1.474918
v -14.975088 -0.025000 1.474917
v -14.399602 -0.025000 4.368073
v -13.270750 -0.025000 7.093365
v -11.631910 -0.025000 9.546062
v -9.546062 -0.025000 11.631910
v -7.093365 -0.025000 13.270751
v -4.368072 -0.025000 14.399603
v -1.474917 -0.025000 14.975088
v 1.474917 -0.025000 14.975088
v 4.368073 -0.025000 14.399602
v 7.093365 -0.025000 13.270750
v 9.546062 -0.025000 11.631910
v 11.631910 -0.025000 9.546062
v 13.270751 -0.025000 7.093365
v 14.399603 -0.025000 4.368072
v 14.975088 -0.025000 1.474917
v 14.975088 -0.025000 -1.474918
v 14.399602 -0.025000 -4.368073
v 13.270750 -0.025000 -7.093366
v 11.631910 -0.025000 -9.546062
v 9.546062 -0.025000 -11.631910
v 7.093365 -0.025000 -13.270751
v 4.368072 -0.025000 -14.399603
v 1.474917 -0.025000 -14.975088
v 1.531248 -0.025000 15.547028
v 4.534901 -0.025000 14.949564
v 7.364280 -0.025000 13.777596
v 9.910653 -0.025000 12.076165
v 12.076166 -0.025000 9.910654
v 13.777597 -0.025000 7.364280
v 14.949564 -0.025000 4.534900
v 15.547028 -0.025000 1.531248
v 15.547028 -0.025000 -1.531249
v 14.949564 -0.025000 -4.534902
v 13.777596 -0.025000 -7.364281
v 12.076165 -0.025000 -9.910653
v 9.910654 -0.025000 -12.076166
v 7.364280 -0.025000 -13.777597
v 4.534901 -0.025000 -14.949564
v 1.531248 -0.025000 -15.547028
v -1.531249 -0.025000 -15.547028
v -4.534902 -0.025000 -14.949564
v -7.364280 -0.025000 -13.777596
v -9.910653 -0.025000 -12.076165
v -12.076166 -0.025000 -9.910654
v -13.777597 -0.025000 -7.364281
v -14.949564 -0.025000 -4.534902
v -15.547028 -0.025000 -1.531249
v -15.547028 -0.025000 1.531248
v -14.949564 -0.025000 4.534901
v -13.777596 -0.025000 7.364280
v -12.076165 -0.025000 9.910653
v -9.910654 -0.025000 12.076166
v -7.364280 -0.025000 13.777597
v -4.534901 -0.025000 14.949564
v -1.531249 -0.025000 15.547028
v -2.991703 -0.006250 -15.040301
v -5.868435 -0.006250 -14.167655
v -8.519648 -0.006250 -12.750553
v -10.843454 -0.006250 -10.843454
v -12.750553 -0.006250 -8.519648
v -14.167655 -0.006250 -5.868435
v -15.040303 -0.006250 -2.991703
v -15.334956 -0.006250 -0.000000
v -15.040301 -0.006250 2.991702
v -14.167655 -0.006250 5.868435
v -12.750553 -0.006250 8.519648
v -10.843454 -0.006250 10.843454
v -8.519648 -0.006250 12.750553
v -5.868435 -0.006250 14.167655
v -2.991703 -0.006250 15.040303
v -0.000000 -0.006250 15.334956
v 2.991702 -0.006250 15.040301
v 5.868435 -0.006250 14.167655
v 8.519648 -0.006250 12.750553
v 10.843454 -0.006250 10.843454
v 12.750553 -0.006250 8.519648
v 14.167655 -0.006250 5.868434
v 15.040303 -0.006250 2.991702
v 15.334956 -0.006250 -0.000000
v 15.040301 -0.006250 -2.991703
v 14.167655 -0.006250 -5.868435
v 12.750553 -0.006250 -8.519648
v 10.843454 -0.006250 -10.843454
v 8.519648 -0.006250 -12.750553
v 5.868435 -0.006250 -14.167655
v 2.991702 -0.006250 -15.040303
v -0.000000 -0.006250 -15.334956
v -1.474918 -0.125000 -14.975088
v -4.368073 -0.125000 -14.399604
v -7.093364 -0.125000 -13.270751
v -9.546062 -0.125000 -11.631910
v -11.631910 -0.125000 -9.546062
v -13.270751 -0.125000 -7.093365
v -14.399603 -0.125000 -4.368072
v -14.975088 -0.125000 -1.474918
v -14.975088 -0.125000 1.474917
v -14.399604 -0.125000 4.368073
v -13.270751 -0.125000 7.093364
v -11.631910 -0.125000 9.546062
v -9.546062 -0.125000 11.631910
v -7.093365 -0.125000 13.270751
v -4.368072 -0.125000 14.399603
v -1.474917 -0.125000 14.975088
v 1.474917 -0.125000 14.975088
v 4.368073 -0.125000 14.399604
v 7.093364 -0.125000 13.270751
v 9.546062 -0.125000 11.631910
v 11.631910 -0.125000 9.546062
v 13.270751 -0.125000 7.093365
v 14.399603 -0.125000 4.368072
v 14.975088 -0.125000 1.474917
v 14.975088 -0.125000 -1.474918
v 14.399604 -0.125000 -4.368073
v 13.270751 -0.125000 -7.093364
v 11.631910 -0.125000 -9.546062
v 9.546062 -0.125000 -11.631910
v 7.093365 -0.125000 -13.270751
v 4.368072 -0.125000 -14.399603
v 1.474917 -0.125000 -14.975088
v 1.531248 -0.125000 15.547028
v 4.534902 -0.125000 14.949564
v 7.364280 -0.125000 13.777598
v 9.910653 -0.125000 12.076165
v 12.076166 -0.125000 9.910653
v 13.777598 -0.125000 7.364280
v 14.949565 -0.125000 4.534900
v 15.547028 -0.125000 1.531248
v 15.547028 -0.125000 -1.531249
v 14.949564 -0.125000 -4.534903
v 13.777598 -0.125000 -7.364280
v 12.076165 -0.125000 -9.910653
v 9.910653 -0.125000 -12.076166
v 7.364280 -0.125000 -13.777598
v 4.534901 -0.125000 -14.949565
v 1.531249 -0.125000 -15.547028
v -1.531249 -0.125000 -15.547028
v -4.534902 -0.125000 -14.949564
v -7.364280 -0.125000 -13.777598
v -9.910653 -0.125000 -12.076165
v -12.076166 -0.125000 -9.910653
v -13.777598 -0.125000 -7.364281
v -14.949565 -0.125000 -4.534902
v -15.547028 -0.125000 -1.531249
v -15.547028 -0.125000 1.531248
v -14.949564 -0.125000 4.534901
v -13.777598 -0.125000 7.364279
v -12.076165 -0.125000 9.910653
v -9.910653 -0.125000 12.076166
v -7.364280 -0.125000 13.777598
v -4.534901 -0.125000 14.949565
v -1.531249 -0.125000 15.547028
v -2.991703 -0.143750 -15.040303
v -5.868435 -0.143750 -14.167655
v -8.519648 -0.143750 -12.750554
v -10.843454 -0.143750 -10.843453
v -12.750553 -0.143750 -8.519648
v -14.167655 -0.143750 -5.868435
v -15.040304 -0.143750 -2.991703
v -15.334960 -0.143750 -0.000000
v -15.040303 -0.143750 2.991702
v -14.167655 -0.143750 5.868435
v -12.750554 -0.143750 8.519648
v -10.843453 -0.143750 10.843454
v -8.519648 -0.143750 12.750553
v -5.868435 -0.143750 14.167655
v -2.991702 -0.143750 15.040304
v -0.000000 -0.143750 15.334960
v 2.991702 -0.143750 15.040303
v 5.868435 -0.143750 14.167655
v 8.519648 -0.143750 12.750554
v 10.843454 -0.143750 10.843453
v 12.750553 -0.143750 8.519648
v 14.167655 -0.143750 5.868434
v 15.040304 -0.143750 2.991702
v 15.334960 -0.143750 -0.000000
v 15.040303 -0.143750 -2.991703
v 14.167655 -0.143750 -5.868436
v 12.750554 -0.143750 -8.519648
v 10.843453 -0.143750 -10.843454
v 8.519648 -0.143750 -12.750553
v 5.868435 -0.143750 -14.167655
v 2.991702 -0.143750 -15.040304
v -0.000000 -0.143750 -15.334960
v -0.000000 -0.075000 -14.939847
v -2.914620 -0.075000 -14.652781
v -5.717232 -0.075000 -13.802619
v -8.300135 -0.075000 -12.422029
v -10.564066 -0.075000 -10.564066
v -12.422029 -0.075000 -8.300135
v -13.802619 -0.075000 -5.717232
v -14.652781 -0.075000 -2.914620
v -14.939847 -0.075000 -0.000000
v -14.652781 -0.075000 2.914620
v -13.802619 -0.075000 5.717232
v -12.422029 -0.075000 8.300135
v -10.564066 -0.075000 10.564066
v -8.300135 -0.075000 12.422029
v -5.717232 -0.075000 13.802619
v -2.914620 -0.075000 14.652781
v -0.000000 -0.075000 14.939847
v 2.914620 -0.075000 14.652781
v 5.717232 -0.075000 13.802619
v 8.300135 -0.075000 12.422029
v 10.564066 -0.075000 10.564066
v 12.422029 -0.075000 8.300135
v 13.802619 -0.075000 5.717232
v 14.652781 -0.075000 2.914620
v 14.939847 -0.075000 -0.000000
v 14.652781 -0.075000 -2.914620
v 13.802619 -0.075000 -5.717232
v 12.422029 -0.075000 -8.300135
v 10.564066 -0.075000 -10.564066
v 8.300135 -0.075000 -12.422029
v 5.717232 -0.075000 -13.802619
v 2.914620 -0.075000 -14.652781
v -0.000000 -0.075000 15.730068
v 3.068785 -0.075000 15.427823
v 6.019639 -0.075000 14.532692
v 8.739161 -0.075000 13.079078
v 11.122842 -0.075000 11.122842
v 13.079078 -0.075000 8.739161
v 14.532692 -0.075000 6.019638
v 15.427823 -0.075000 3.068784
v 15.730068 -0.075000 -0.000001
v 15.427823 -0.075000 -3.068786
v 14.532692 -0.075000 -6.019639
v 13.079078 -0.075000 -8.739161
v 11.122842 -0.075000 -11.122842
v 8.739161 -0.075000 -13.079078
v 6.019639 -0.075000 -14.532692
v 3.068785 -0.075000 -15.427823
v -0.000000 -0.075000 -15.730068
v -3.068785 -0.075000 -15.427823
v -6.019639 -0.075000 -14.532692
v -8.739161 -0.075000 -13.079078
v -11.122842 -0.075000 -11.122842
v -13.079078 -0.075000 -8.739161
v -14.532692 -0.075000 -6.019639
v -15.427823 -0.075000 -3.068786
v -15.730068 -0.075000 -0.000001
v -15.427823 -0.075000 3.068784
v -14.532692 -0.075000 6.019639
v -13.079078 -0.075000 8.739161
v -11.122842 -0.075000 11.122842
v -8.739161 -0.075000 13.079078
v -6.019639 -0.075000 14.532692
v -3.068785 -0.075000 15.427823
v -4.451487 -0.006250 -14.674583
v -7.228822 -0.006250 -13.524175
v -9.728357 -0.006250 -11.854037
v -11.854038 -0.006250 -9.728357
v -13.524175 -0.006250 -7.228822
v -14.674583 -0.006250 -4.451487
v -15.261056 -0.006250 -1.503083
v -15.261058 -0.006250 1.503083
v -14.674583 -0.006250 4.451486
v -13.524175 -0.006250 7.228822
v -11.854037 -0.006250 9.728357
v -9.728357 -0.006250 11.854038
v -7.228822 -0.006250 13.524175
v -4.451487 -0.006250 14.674583
v -1.503083 -0.006250 15.261056
v 1.503083 -0.006250 15.261058
v 4.451487 -0.006250 14.674583
v 7.228822 -0.006250 13.524175
v 9.728357 -0.006250 11.854037
v 11.854038 -0.006250 9.728357
v 13.524175 -0.006250 7.228822
v 14.674583 -0.006250 4.451486
v 15.261056 -0.006250 1.503083
v 15.261058 -0.006250 -1.503083
v 14.674583 -0.006250 -4.451487
v 13.524175 -0.006250 -7.228822
v 11.854037 -0.006250 -9.728357
v 9.728357 -0.006250 -11.854038
v 7.228822 -0.006250 -13.524175
v 4.451487 -0.006250 -14.674583
v 1.503083 -0.006250 -15.261056
v -1.503083 -0.006250 -15.261058
v -4.451487 -0.143750 -14.674583
v -7.228823 -0.143750 -13.524175
v -9.728358 -0.143750 -11.854038
v -11.854038 -0.143750 -9.728357
v -13.524174 -0.143750 -7.228823
v -14.674582 -0.143750 -4.451487
v -15.261058 -0.143750 -1.503083
v -15.261060 -0.143750 1.503082
v -14.674583 -0.143750 4.451486
v -13.524175 -0.143750 7.228822
v -11.854038 -0.143750 9.728358
v -9.728357 -0.143750 11.854038
v -7.228822 -0.143750 13.524174
v -4.451487 -0.143750 14.674582
v -1.503083 -0.143750 15.261058
v 1.503083 -0.143750 15.261060
v 4.451487 -0.143750 14.674583
v 7.228823 -0.143750 13.524175
v 9.728358 -0.143750 11.854038
v 11.854038 -0.143750 9.728357
v 13.524174 -0.143750 7.228822
v 14.674582 -0.143750 4.451486
v 15.261058 -0.143750 1.503082
v 15.261060 -0.143750 -1.503083
v 14.674583 -0.143750 -4.451487
v 13.524175 -0.143750 -7.228823
v 11.854038 -0.143750 -9.728358
v 9.728357 -0.143750 -11.854038
v 7.228822 -0.143750 -13.524174
v 4.451487 -0.143750 -14.674582
v 1.503083 -0.143750 -15.261058
v -1.503083 -0.143750 -15.261060
v -1.464355 -0.075000 -14.867849
v -4.336792 -0.075000 -14.296486
v -7.042569 -0.075000 -13.175718
v -9.477701 -0.075000 -11.548613
v -11.548614 -0.075000 -9.477702
v -13.175718 -0.075000 -7.042569
v -14.296486 -0.075000 -4.336792
v -14.867849 -0.075000 -1.464355
v -14.867849 -0.075000 1.464355
v -14.296486 -0.075000 4.336792
v -13.175718 -0.075000 7.042569
v -11.548613 -0.075000 9.477701
v -9.477702 -0.075000 11.548614
v -7.042569 -0.075000 13.175718
v -4.336792 -0.075000 14.296486
v -1.464355 -0.075000 14.867849
v 1.464355 -0.075000 14.867849
v 4.336792 -0.075000 14.296486
v 7.042569 -0.075000 13.175718
v 9.477701 -0.075000 11.548613
v 11.548614 -0.075000 9.477702
v 13.175718 -0.075000 7.042569
v 14.296486 -0.075000 4.336792
v 14.867849 -0.075000 1.464355
v 14.867849 -0.075000 -1.464355
v 14.296486 -0.075000 -4.336792
v 13.175718 -0.075000 -7.042569
v 11.548613 -0.075000 -9.477701
v 9.477702 -0.075000 -11.548614
v 7.042569 -0.075000 -13.175718
v 4.336792 -0.075000 -14.296486
v 1.464355 -0.075000 -14.867849
v 1.541810 -0.075000 15.654266
v 4.566182 -0.075000 15.052682
v 7.415076 -0.075000 13.872631
v 9.979014 -0.075000 12.159463
v 12.159463 -0.075000 9.979014
v 13.872631 -0.075000 7.415076
v 15.052682 -0.075000 4.566181
v 15.654264 -0.075000 1.541810
v 15.654266 -0.075000 -1.541812
v 15.052682 -0.075000 -4.566182
v 13.872631 -0.075000 -7.415076
v 12.159463 -0.075000 -9.979014
v 9.979014 -0.075000 -12.159463
v 7.415076 -0.075000 -13.872631
v 4.566182 -0.075000 -15.052682
v 1.541810 -0.075000 -15.654264
v -1.541811 -0.075000 -15.654266
v -4.566182 -0.075000 -15.052682
v -7.415076 -0.075000 -13.872631
v -9.979014 -0.075000 -12.159463
v -12.159463 -0.075000 -9.979014
v -13.872631 -0.075000 -7.415077
v -15.052682 -0.075000 -4.566182
v -15.654264 -0.075000 -1.541811
v -15.654266 -0.075000 1.541810
v -15.052682 -0.075000 4.566181
v -13.872631 -0.075000 7.415076
v -12.159463 -0.075000 9.979014
v -9.979014 -0.075000 12.159463
v -7.415076 -0.075000 13.872631
v -4.566182 -0.075000 15.052682
v -1.541811 -0.075000 15.654264
vn -0.0158 0.9979 -0.0632
vn -0.0220 0.9979 -0.0614
vn 0.0220 0.9979 0.0614
vn 0.0158 0.9979 0.0632
vn -0.0279 0.9979 -0.0589
vn -0.0335 0.9979 -0.0559
vn 0.0335 0.9979 0.0559
vn 0.0279 0.9979 0.0589
vn -0.0388 0.9979 -0.0524
vn -0.0438 0.9979 -0.0483
vn 0.0438 0.9979 0.0483
vn 0.0388 0.9979 0.0524
vn -0.0483 0.9979 -0.0438
vn -0.0524 0.9979 -0.0388
vn 0.0524 0.9979 0.0388
vn 0.0483 0.9979 0.0438
vn -0.0559 0.9979 -0.0335
vn -0.0589 0.9979 -0.0279
vn 0.0589 0.9979 0.0279
vn 0.0559 0.9979 0.0335
vn -0.0614 0.9979 -0.0220
vn -0.0632 0.9979 -0.0158
vn 0.0632 0.9979 0.0158
vn 0.0614 0.9979 0.0220
vn -0.0645 0.9979 -0.0096
vn -0.0651 0.9979 -0.0032
vn 0.0651 0.9979 0.0032
vn 0.0645 0.9979 0.0096
vn -0.0651 0.9979 0.0032
vn -0.0645 0.9979 0.0096
vn 0.0645 0.9979 -0.0096
vn 0.0651 0.9979 -0.0032
vn -0.0632 0.9979 0.0158
vn -0.0614 0.9979 0.0220
vn 0.0614 0.9979 -0.0220
vn 0.0632 0.9979 -0.0158
vn -0.0589 0.9979 0.0279
vn -0.0559 0.9979 0.0335
vn 0.0559 0.9979 -0.0335
vn 0.0589 0.9979 -0.0279
vn -0.0524 0.9979 0.0388
vn -0.0483 0.9979 0.0438
vn 0.0483 0.9979 -0.0438
vn 0.0524 0.9979 -0.0388
vn -0.0438 0.9979 0.0483
vn -0.0388 0.9979 0.0524
vn 0.0388 0.9979 -0.0524
vn 0.0438 0.9979 -0.0483
vn -0.0335 0.9979 0.0559
vn -0.0279 0.9979 0.0589
vn 0.0279 0.9979 -0.0589
vn 0.0335 0.9979 -0.0559
vn -0.0220 0.9979 0.0614
vn -0.0158 0.9979 0.0632
vn 0.0158 0.9979 -0.0632
vn 0.0220 0.9979 -0.0614
vn -0.0096 0.9979 0.0645
vn -0.0032 0.9979 0.0651
vn 0.0032 0.9979 -0.0651
vn 0.0096 0.9979 -0.0645
vn 0.0032 0.9979 0.0651
vn 0.0096 0.9979 0.0645
vn -0.0096 0.9979 -0.0645
vn -0.0032 0.9979 -0.0651
vn -0.0158 -0.9979 -0.0632
vn 0.0158 -0.9979 0.0632
vn 0.0220 -0.9979 0.0614
vn -0.0220 -0.9979 -0.0614
vn -0.0279 -0.9979 -0.0589
vn 0.0279 -0.9979 0.0589
vn 0.0335 -0.9979 0.0559
vn -0.0335 -0.9979 -0.0559
vn -0.0388 -0.9979 -0.0524
vn 0.0388 -0.9979 0.0524
vn 0.0438 -0.9979 0.0483
vn -0.0438 -0.9979 -0.0483
vn -0.0483 -0.9979 -0.0438
vn 0.0483 -0.9979 0.0438
vn 0.0524 -0.9979 0.0388
vn -0.0524 -0.9979 -0.0388
vn -0.0559 -0.9979 -0.0335
vn 0.0559 -0.9979 0.0335
vn 0.0589 -0.9979 0.0279
vn -0.0589 -0.9979 -0.0279
vn -0.0614 -0.9979 -0.0220
vn 0.0614 -0.9979 0.0220
vn 0.0632 -0.9979 0.0158
vn -0.0632 -0.9979 -0.0158
vn -0.0645 -0.9979 -0.0096
vn 0.0645 -0.9979 0.0096
vn 0.0651 -0.9979 0.0032
vn -0.0651 -0.9979 -0.0032
vn -0.0651 -0.9979 0.0032
vn 0.0651 -0.9979 -0.0032
vn 0.0645 -0.9979 -0.0096
vn -0.0645 -0.9979 0.0096
vn -0.0632 -0.9979 0.0158
vn 0.0632 -0.9979 -0.0158
vn 0.0614 -0.9979 -0.0220
vn -0.0614 -0.9979 0.0220
vn -0.0589 -0.9979 0.0279
vn 0.0589 -0.9979 -0.0279
vn 0.0559 -0.9979 -0.0335
vn -0.0559 -0.9979 0.0335
vn -0.0524 -0.9979 0.0388
vn 0.0524 -0.9979 -0.0388
vn 0.0483 -0.9979 -0.0438
vn -0.0483 -0.9979 0.0438
vn -0.0438 -0.9979 0.0483
vn 0.0438 -0.9979 -0.0483
vn 0.0388 -0.9979 -0.0524
vn -0.0388 -0.9979 0.0524
vn -0.0335 -0.9979 0.0559
vn 0.0335 -0.9979 -0.0559
vn 0.0279 -0.9979 -0.0589
vn -0.0279 -0.9979 0.0589
vn -0.0220 -0.9979 0.0614
vn 0.0220 -0.9979 -0.0614
vn 0.0158 -0.9979 -0.0632
vn -0.0158 -0.9979 0.0632
vn -0.0096 -0.9979 0.0645
vn 0.0096 -0.9979 -0.0645
vn 0.0032 -0.9979 -0.0651
vn -0.0032 -0.9979 0.0651
vn 0.0032 -0.9979 0.0651
vn -0.0032 -0.9979 -0.0651
vn -0.0096 -0.9979 -0.0645
vn 0.0096 -0.9979 0.0645
vn 0.0207 0.9069 0.4208
vn 0.0618 0.9069 0.4168
vn 0.0618 -0.9069 0.4168
vn 0.0207 -0.9069 0.4208
vn 0.1024 0.9069 0.4087
vn 0.1419 0.9069 0.3967
vn 0.1419 -0.9069 0.3967
vn 0.1024 -0.9069 0.4087
vn 0.1802 0.9069 0.3809
vn 0.2166 0.9069 0.3614
vn 0.2166 -0.9069 0.3614
vn 0.1802 -0.9069 0.3809
vn 0.2510 0.9069 0.3384
vn 0.2829 0.9069 0.3122
vn 0.2829 -0.9069 0.3122
vn 0.2510 -0.9069 0.3384
vn 0.3122 0.9069 0.2829
vn 0.3384 0.9069 0.2510
vn 0.3384 -0.9069 0.2510
vn 0.3122 -0.9069 0.2829
vn 0.3614 0.9069 0.2166
vn 0.3809 0.9069 0.1802
vn 0.3809 -0.9069 0.1802
vn 0.3614 -0.9069 0.2166
vn 0.3967 0.9069 0.1419
vn 0.4087 0.9069 0.1024
vn 0.4087 -0.9069 0.1024
vn 0.3967 -0.9069 0.1419
vn 0.4168 0.9069 0.0618
vn 0.4208 0.9069 0.0207
vn 0.4208 -0.9069 0.0207
vn 0.4168 -0.9069 0.0618
vn 0.4208 0.9069 -0.0207
vn 0.4168 0.9069 -0.0618
vn 0.4168 -0.9069 -0.0618
vn 0.4208 -0.9069 -0.0207
vn 0.4087 0.9069 -0.1024
vn 0.3967 0.9069 -0.1419
vn 0.3967 -0.9069 -0.1419
vn 0.4087 -0.9069 -0.1024
vn 0.3809 0.9069 -0.1802
vn 0.3614 0.9069 -0.2166
vn 0.3614 -0.9069 -0.2166
vn 0.3809 -0.9069 -0.1802
vn 0.3384 0.9069 -0.2510
vn 0.3122 0.9069 -0.2829
vn 0.3122 -0.9069 -0.2829
vn 0.3384 -0.9069 -0.2510
vn 0.2829 0.9069 -0.3122
vn 0.2510 0.9069 -0.3384
vn 0.2510 -0.9069 -0.3384
vn 0.2829 -0.9069 -0.3122
vn 0.2166 0.9069 -0.3614
vn 0.1802 0.9069 -0.3809
vn 0.1802 -0.9069 -0.3809
vn 0.2166 -0.9069 -0.3614
vn 0.1419 0.9069 -0.3967
vn 0.1024 0.9069 -0.4087
vn 0.1024 -0.9069 -0.4087
vn 0.1419 -0.9069 -0.3967
vn 0.0618 0.9069 -0.4168
vn 0.0207 0.9069 -0.4208
vn 0.0207 -0.9069 -0.4208
vn 0.0618 -0.9069 -0.4168
vn -0.0207 0.9069 -0.4208
vn -0.0618 0.9069 -0.4168
vn -0.0618 -0.9069 -0.4168
vn -0.0207 -0.9069 -0.4208
vn -0.1024 0.9069 -0.4087
vn -0.1419 0.9069 -0.3967
vn -0.1419 -0.9069 -0.3967
vn -0.1024 -0.9069 -0.4087
vn -0.1802 0.9069 -0.3809
vn -0.2166 0.9069 -0.3614
vn -0.2166 -0.9069 -0.3614
vn -0.1802 -0.9069 -0.3809
vn -0.2510 0.9069 -0.3384
vn -0.2829 0.9069 -0.3122
vn -0.2829 -0.9069 -0.3122
vn -0.2510 -0.9069 -0.3384
vn -0.3122 0.9069 -0.2829
vn -0.3384 0.9069 -0.2510
vn -0.3384 -0.9069 -0.2510
vn -0.3122 -0.9069 -0.2829
vn -0.3614 0.9069 -0.2166
vn -0.3809 0.9069 -0.1802
vn -0.3809 -0.9069 -0.1802
vn -0.3614 -0.9069 -0.2166
vn -0.3967 0.9069 -0.1419
vn -0.4087 0.9069 -0.1024
vn -0.4087 -0.9069 -0.1024
vn -0.3967 -0.9069 -0.1419
vn -0.4168 0.9069 -0.0618
vn -0.4208 0.9069 -0.0207
vn -0.4208 -0.9069 -0.0207
vn -0.4168 -0.9069 -0.0618
vn -0.4208 0.9069 0.0207
vn -0.4168 0.9069 0.0618
vn -0.4168 -0.9069 0.0618
vn -0.4208 -0.9069 0.0207
vn -0.4087 0.9069 0.1024
vn -0.3967 0.9069 0.1419
vn -0.3967 -0.9069 0.1419
vn -0.4087 -0.9069 0.1024
vn -0.3809 0.9069 0.1802
vn -0.3614 0.9069 0.2166
vn -0.3614 -0.9069 0.2166
vn -0.3809 -0.9069 0.1802
vn -0.3384 0.9069 0.2510
vn -0.3122 0.9069 0.2829
vn -0.3122 -0.9069 0.2829
vn -0.3384 -0.9069 0.2510
vn -0.2829 0.9069 0.3122
vn -0.2510 0.9069 0.3384
vn -0.2510 -0.9069 0.3384
vn -0.2829 -0.9069 0.3122
vn -0.2166 0.9069 0.3614
vn -0.1802 0.9069 0.3809
vn -0.1802 -0.9069 0.3809
vn -0.2166 -0.9069 0.3614
vn -0.1419 0.9069 0.3967
vn -0.1024 0.9069 0.4087
vn -0.1024 -0.9069 0.4087
vn -0.1419 -0.9069 0.3967
vn -0.0618 0.9069 0.4168
vn -0.0207 0.9069 0.4208
vn -0.0207 -0.9069 0.4208
vn -0.0618 -0.9069 0.4168
vn 0.1801 0.9069 0.3809
vn -0.1801 0.9069 -0.3809
vt 0.000000 0.000000
s 0
f 532/560/483 660/560/483 867/560/483 675/560/483
f 660/560/484 533/560/484 676/560/484 867/560/484
f 867/560/485 676/560/485 485/560/485 612/560/485
f 675/560/486 867/560/486 612/560/486 484/560/486
f 533/560/487 661/560/487 868/560/487 676/560/487
f 661/560/488 534/560/488 677/560/488 868/560/488
f 868/560/489 677/560/489 486/560/489 613/560/489
f 676/560/490 868/560/490 613/560/490 485/560/490
f 534/560/491 662/560/491 869/560/491 677/560/491
f 662/560/492 535/560/492 678/560/492 869/560/492
f 869/560/493 678/560/493 487/560/493 614/560/493
f 677/560/494 869/560/494 614/560/494 486/560/494
f 535/560/495 663/560/495 870/560/495 678/560/495
f 663/560/496 536/560/496 679/560/496 870/560/496
f 870/560/497 679/560/497 488/560/497 615/560/497
f 678/560/498 870/560/498 615/560/498 487/560/498
f 536/560/499 664/560/499 871/560/499 679/560/499
f 664/560/500 537/560/500 680/560/500 871/560/500
f 871/560/501 680/560/501 489/560/501 616/560/501
f 679/560/502 871/560/502 616/560/502 488/560/502
f 537/560/503 665/560/503 872/560/503 680/560/503
f 665/560/504 538/560/504 681/560/504 872/560/504
f 872/560/505 681/560/505 490/560/505 617/560/505
f 680/560/506 872/560/506 617/560/506 489/560/506
f 538/560/507 666/560/507 873/560/507 681/560/507
f 666/560/508 539/560/508 682/560/508 873/560/508
f 873/560/509 682/560/509 491/560/509 618/560/509
f 681/560/510 873/560/510 618/560/510 490/560/510
f 539/560/511 667/560/511 874/560/511 682/560/511
f 667/560/512 540/560/512 683/560/512 874/560/512
f 874/560/513 683/560/513 492/560/513 619/560/513
f 682/560/514 874/560/514 619/560/514 491/560/514
f 540/560/515 668/560/515 875/560/515 683/560/515
f 668/560/516 541/560/516 684/560/516 875/560/516
f 875/560/517 684/560/517 493/560/517 620/560/517
f 683/560/518 875/560/518 620/560/518 492/560/518
f 541/560/519 669/560/519 876/560/519 684/560/519
f 669/560/520 542/560/520 685/560/520 876/560/520
f 876/560/521 685/560/521 494/560/521 621/560/521
f 684/560/522 876/560/522 621/560/522 493/560/522
f 542/560/523 670/560/523 877/560/523 685/560/523
f 670/560/524 543/560/524 686/560/524 877/560/524
f 877/560/525 686/560/525 495/560/525 622/560/525
f 685/560/526 877/560/526 622/560/526 494/560/526
f 543/560/527 671/560/527 878/560/527 686/560/527
f 671/560/528 544/560/528 687/560/528 878/560/528
f 878/560/529 687/560/529 496/560/529 623/560/529
f 686/560/530 878/560/530 623/560/530 495/560/530
f 544/560/531 672/560/531 879/560/531 687/560/531
f 672/560/532 545/560/532 688/560/532 879/560/532
f 879/560/533 688/560/533 497/560/533 624/560/533
f 687/560/534 879/560/534 624/560/534 496/560/534
f 545/560/535 673/560/535 880/560/535 688/560/535
f 673/560/536 546/560/536 689/560/536 880/560/536
f 880/560/537 689/560/537 498/560/537 625/560/537
f 688/560/538 880/560/538 625/560/538 497/560/538
f 546/560/539 674/560/539 881/560/539 689/560/539
f 674/560/540 515/560/540 690/560/540 881/560/540
f 881/560/541 690/560/541 499/560/541 626/560/541
f 689/560/542 881/560/542 626/560/542 498/560/542
f 515/560/543 643/560/543 882/560/543 690/560/543
f 643/560/544 516/560/544 691/560/544 882/560/544
f 882/560/545 691/560/545 500/560/545 627/560/545
f 690/560/546 882/560/546 627/560/546 499/560/546
f 516/560/486 644/560/486 883/560/486 691/560/486
f 644/560/485 517/560/485 692/560/485 883/560/485
f 883/560/484 692/560/484 501/560/484 628/560/484
f 691/560/483 883/560/483 628/560/483 500/560/483
f 517/560/490 645/560/490 884/560/490 692/560/490
f 645/560/489 518/560/489 693/560/489 884/560/489
f 884/560/488 693/560/488 502/560/488 629/560/488
f 692/560/487 884/560/487 629/560/487 501/560/487
f 518/560/494 646/560/494 885/560/494 693/560/494
f 646/560/493 519/560/493 694/560/493 885/560/493
f 885/560/492 694/560/492 503/560/492 630/560/492
f 693/560/491 885/560/491 630/560/491 502/560/491
f 519/560/498 647/560/498 886/560/498 694/560/498
f 647/560/497 520/560/497 695/560/497 886/560/497
f 886/560/496 695/560/496 504/560/496 631/560/496
f 694/560/495 886/560/495 631/560/495 503/560/495
f 520/560/502 648/560/502 887/560/502 695/560/502
f 648/560/501 521/560/501 696/560/501 887/560/501
f 887/560/500 696/560/500 505/560/500 632/560/500
f 695/560/499 887/560/499 632/560/499 504/560/499
f 521/560/506 649/560/506 888/560/506 696/560/506
f 649/560/505 522/560/505 697/560/505 888/560/505
f 888/560/504 697/560/504 506/560/504 633/560/504
f 696/560/503 888/560/503 633/560/503 505/560/503
f 522/560/510 650/560/510 889/560/510 697/560/510
f 650/560/509 523/560/509 698/560/509 889/560/509
f 889/560/508 698/560/508 507/560/508 634/560/508
f 697/560/507 889/560/507 634/560/507 506/560/507
f 523/560/514 651/560/514 890/560/514 698/560/514
f 651/560/513 524/560/513 699/560/513 890/560/513
f 890/560/512 699/560/512 508/560/512 635/560/512
f 698/560/511 890/560/511 635/560/511 507/560/511
f 524/560/518 652/560/518 891/560/518 699/560/518
f 652/560/517 525/560/517 700/560/517 891/560/517
f 891/560/516 700/560/516 509/560/516 636/560/516
f 699/560/515 891/560/515 636/560/515 508/560/515
f 525/560/522 653/560/522 892/560/522 700/560/522
f 653/560/521 526/560/521 701/560/521 892/560/521
f 892/560/520 701/560/520 510/560/520 637/560/520
f 700/560/519 892/560/519 637/560/519 509/560/519
f 526/560/526 654/560/526 893/560/526 701/560/526
f 654/560/525 527/560/525 702/560/525 893/560/525
f 893/560/524 702/560/524 511/560/524 638/560/524
f 701/560/523 893/560/523 638/560/523 510/560/523
f 527/560/530 655/560/530 894/560/530 702/560/530
f 655/560/529 528/560/529 703/560/529 894/560/529
f 894/560/528 703/560/528 512/560/528 639/560/528
f 702/560/527 894/560/527 639/560/527 511/560/527
f 528/560/534 656/560/534 895/560/534 703/560/534
f 656/560/533 529/560/533 704/560/533 895/560/533
f 895/560/532 704/560/532 513/560/532 640/560/532
f 703/560/531 895/560/531 640/560/531 512/560/531
f 529/560/538 657/560/538 896/560/538 704/560/538
f 657/560/537 530/560/537 705/560/537 896/560/537
f 896/560/536 705/560/536 514/560/536 641/560/536
f 704/560/535 896/560/535 641/560/535 513/560/535
f 530/560/542 658/560/542 897/560/542 705/560/542
f 658/560/541 531/560/541 706/560/541 897/560/541
f 897/560/540 706/560/540 483/560/540 642/560/540
f 705/560/539 897/560/539 642/560/539 514/560/539
f 531/560/546 659/560/546 898/560/546 706/560/546
f 659/560/545 532/560/545 675/560/545 898/560/545
f 898/560/544 675/560/544 484/560/544 611/560/544
f 706/560/543 898/560/543 611/560/543 483/560/543
f 596/560/547 771/560/547 899/560/547 756/560/547
f 771/560/548 548/560/548 708/560/548 899/560/548
f 899/560/549 708/560/549 549/560/549 772/560/549
f 756/560/550 899/560/550 772/560/550 597/560/550
f 597/560/551 772/560/551 900/560/551 757/560/551
f 772/560/552 549/560/552 709/560/552 900/560/552
f 900/560/553 709/560/553 550/560/553 773/560/553
f 757/560/554 900/560/554 773/560/554 598/560/554
f 598/560/555 773/560/555 901/560/555 758/560/555
f 773/560/556 550/560/556 710/560/556 901/560/556
f 901/560/557 710/560/557 551/560/557 774/560/557
f 758/560/558 901/560/558 774/560/558 599/560/558
f 599/560/559 774/560/559 902/560/559 759/560/559
f 774/560/560 551/560/560 711/560/560 902/560/560
f 902/560/561 711/560/561 552/560/561 775/560/561
f 759/560/562 902/560/562 775/560/562 600/560/562
f 600/560/563 775/560/563 903/560/563 760/560/563
f 775/560/564 552/560/564 712/560/564 903/560/564
f 903/560/565 712/560/565 553/560/565 776/560/565
f 760/560/566 903/560/566 776/560/566 601/560/566
f 601/560/567 776/560/567 904/560/567 761/560/567
f 776/560/568 553/560/568 713/560/568 904/560/568
f 904/560/569 713/560/569 554/560/569 777/560/569
f 761/560/570 904/560/570 777/560/570 602/560/570
f 602/560/571 777/560/571 905/560/571 762/560/571
f 777/560/572 554/560/572 714/560/572 905/560/572
f 905/560/573 714/560/573 555/560/573 778/560/573
f 762/560/574 905/560/574 778/560/574 603/560/574
f 603/560/575 778/560/575 906/560/575 763/560/575
f 778/560/576 555/560/576 715/560/576 906/560/576
f 906/560/577 715/560/577 556/560/577 779/560/577
f 763/560/578 906/560/578 779/560/578 604/560/578
f 604/560/579 779/560/579 907/560/579 764/560/579
f 779/560/580 556/560/580 716/560/580 907/560/580
f 907/560/581 716/560/581 557/560/581 780/560/581
f 764/560/582 907/560/582 780/560/582 605/560/582
f 605/560/583 780/560/583 908/560/583 765/560/583
f 780/560/584 557/560/584 717/560/584 908/560/584
f 908/560/585 717/560/585 558/560/585 781/560/585
f 765/560/586 908/560/586 781/560/586 606/560/586
f 606/560/587 781/560/587 909/560/587 766/560/587
f 781/560/588 558/560/588 718/560/588 909/560/588
f 909/560/589 718/560/589 559/560/589 782/560/589
f 766/560/590 909/560/590 782/560/590 607/560/590
f 607/560/591 782/560/591 910/560/591 767/560/591
f 782/560/592 559/560/592 719/560/592 910/560/592
f 910/560/593 719/560/593 560/560/593 783/560/593
f 767/560/594 910/560/594 783/560/594 608/560/594
f 608/560/595 783/560/595 911/560/595 768/560/595
f 783/560/596 560/560/596 720/560/596 911/560/596
f 911/560/597 720/560/597 561/560/597 784/560/597
f 768/560/598 911/560/598 784/560/598 609/560/598
f 609/560/599 784/560/599 912/560/599 769/560/599
f 784/560/600 561/560/600 721/560/600 912/560/600
f 912/560/601 721/560/601 562/560/601 785/560/601
f 769/560/602 912/560/602 785/560/602 610/560/602
f 610/560/603 785/560/603 913/560/603 770/560/603
f 785/560/604 562/560/604 722/560/604 913/560/604
f 913/560/605 722/560/605 563/560/605 786/560/605
f 770/560/606 913/560/606 786/560/606 579/560/606
f 579/560/607 786/560/607 914/560/607 739/560/607
f 786/560/608 563/560/608 723/560/608 914/560/608
f 914/560/609 723/560/609 564/560/609 787/560/609
f 739/560/610 914/560/610 787/560/610 580/560/610
f 580/560/548 787/560/548 915/560/548 740/560/548
f 787/560/547 564/560/547 724/560/547 915/560/547
f 915/560/550 724/560/550 565/560/550 788/560/550
f 740/560/549 915/560/549 788/560/549 581/560/549
f 581/560/552 788/560/552 916/560/552 741/560/552
f 788/560/551 565/560/551 725/560/551 916/560/551
f 916/560/554 725/560/554 566/560/554 789/560/554
f 741/560/553 916/560/553 789/560/553 582/560/553
f 582/560/556 789/560/556 917/560/556 742/560/556
f 789/560/555 566/560/555 726/560/555 917/560/555
f 917/560/558 726/560/558 567/560/558 790/560/558
f 742/560/557 917/560/557 790/560/557 583/560/557
f 583/560/560 790/560/560 918/560/560 743/560/560
f 790/560/559 567/560/559 727/560/559 918/560/559
f 918/560/562 727/560/562 568/560/562 791/560/562
f 743/560/561 918/560/561 791/560/561 584/560/561
f 584/560/564 791/560/564 919/560/564 744/560/564
f 791/560/563 568/560/563 728/560/563 919/560/563
f 919/560/566 728/560/566 569/560/566 792/560/566
f 744/560/565 919/560/565 792/560/565 585/560/565
f 585/560/568 792/560/568 920/560/568 745/560/568
f 792/560/567 569/560/567 729/560/567 920/560/567
f 920/560/570 729/560/570 570/560/570 793/560/570
f 745/560/569 920/560/569 793/560/569 586/560/569
f 586/560/572 793/560/572 921/560/572 746/560/572
f 793/560/571 570/560/571 730/560/571 921/560/571
f 921/560/574 730/560/574 571/560/574 794/560/574
f 746/560/573 921/560/573 794/560/573 587/560/573
f 587/560/576 794/560/576 922/560/576 747/560/576
f 794/560/575 571/560/575 731/560/575 922/560/575
f 922/560/578 731/560/578 572/560/578 795/560/578
f 747/560/577 922/560/577 795/560/577 588/560/577
f 588/560/580 795/560/580 923/560/580 748/560/580
f 795/560/579 572/560/579 732/560/579 923/560/579
f 923/560/582 732/560/582 573/560/582 796/560/582
f 748/560/581 923/560/581 796/560/581 589/560/581
f 589/560/584 796/560/584 924/560/584 749/560/584
f 796/560/583 573/560/583 733/560/583 924/560/583
f 924/560/586 733/560/586 574/560/586 797/560/586
f 749/560/585 924/560/585 797/560/585 590/560/585
f 590/560/588 797/560/588 925/560/588 750/560/588
f 797/560/587 574/560/587 734/560/587 925/560/587
f 925/560/590 734/560/590 575/560/590 798/560/590
f 750/560/589 925/560/589 798/560/589 591/560/589
f 591/560/592 798/560/592 926/560/592 751/560/592
f 798/560/591 575/560/591 735/560/591 926/560/591
f 926/560/594 735/560/594 576/560/594 799/560/594
f 751/560/593 926/560/593 799/560/593 592/560/593
f 592/560/596 799/560/596 927/560/596 752/560/596
f 799/560/595 576/560/595 736/560/595 927/560/595
f 927/560/598 736/560/598 577/560/598 800/560/598
f 752/560/597 927/560/597 800/560/597 593/560/597
f 593/560/600 800/560/600 928/560/600 753/560/600
f 800/560/599 577/560/599 737/560/599 928/560/599
f 928/560/602 737/560/602 578/560/602 801/560/602
f 753/560/601 928/560/601 801/560/601 594/560/601
f 594/560/604 801/560/604 929/560/604 754/560/604
f 801/560/603 578/560/603 738/560/603 929/560/603
f 929/560/606 738/560/606 547/560/606 802/560/606
f 754/560/605 929/560/605 802/560/605 595/560/605
f 595/560/608 802/560/608 930/560/608 755/560/608
f 802/560/607 547/560/607 707/560/607 930/560/607
f 930/560/610 707/560/610 548/560/610 771/560/610
f 755/560/609 930/560/609 771/560/609 596/560/609
f 483/560/611 611/560/611 931/560/611 803/560/611
f 611/560/612 484/560/612 804/560/612 931/560/612
f 931/560/613 804/560/613 548/560/613 707/560/613
f 803/560/614 931/560/614 707/560/614 547/560/614
f 484/560/615 612/560/615 932/560/615 804/560/615
f 612/560/616 485/560/616 805/560/616 932/560/616
f 932/560/617 805/560/617 549/560/617 708/560/617
f 804/560/618 932/560/618 708/560/618 548/560/618
f 485/560/619 613/560/619 933/560/619 805/560/619
f 613/560/620 486/560/620 806/560/620 933/560/620
f 933/560/621 806/560/621 550/560/621 709/560/621
f 805/560/622 933/560/622 709/560/622 549/560/622
f 486/560/623 614/560/623 934/560/623 806/560/623
f 614/560/624 487/560/624 807/560/624 934/560/624
f 934/560/625 807/560/625 551/560/625 710/560/625
f 806/560/626 934/560/626 710/560/626 550/560/626
f 487/560/627 615/560/627 935/560/627 807/560/627
f 615/560/628 488/560/628 808/560/628 935/560/628
f 935/560/629 808/560/629 552/560/629 711/560/629
f 807/560/630 935/560/630 711/560/630 551/560/630
f 488/560/631 616/560/631 936/560/631 808/560/631
f 616/560/632 489/560/632 809/560/632 936/560/632
f 936/560/633 809/560/633 553/560/633 712/560/633
f 808/560/634 936/560/634 712/560/634 552/560/634
f 489/560/635 617/560/635 937/560/635 809/560/635
f 617/560/636 490/560/636 810/560/636 937/560/636
f 937/560/637 810/560/637 554/560/637 713/560/637
f 809/560/638 937/560/638 713/560/638 553/560/638
f 490/560/639 618/560/639 938/560/639 810/560/639
f 618/560/640 491/560/640 811/560/640 938/560/640
f 938/560/641 811/560/641 555/560/641 714/560/641
f 810/560/642 938/560/642 714/560/642 554/560/642
f 491/560/643 619/560/643 939/560/643 811/560/643
f 619/560/644 492/560/644 812/560/644 939/560/644
f 939/560/645 812/560/645 556/560/645 715/560/645
f 811/560/646 939/560/646 715/560/646 555/560/646
f 492/560/647 620/560/647 940/560/647 812/560/647
f 620/560/648 493/560/648 813/560/648 940/560/648
f 940/560/649 813/560/649 557/560/649 716/560/649
f 812/560/650 940/560/650 716/560/650 556/560/650
f 493/560/651 621/560/651 941/560/651 813/560/651
f 621/560/652 494/560/652 814/560/652 941/560/652
f 941/560/653 814/560/653 558/560/653 717/560/653
f 813/560/654 941/560/654 717/560/654 557/560/654
f 494/560/655 622/560/655 942/560/655 814/560/655
f 622/560/656 495/560/656 815/560/656 942/560/656
f 942/560/657 815/560/657 559/560/657 718/560/657
f 814/560/658 942/560/658 718/560/658 558/560/658
f 495/560/659 623/560/659 943/560/659 815/560/659
f 623/560/660 496/560/660 816/560/660 943/560/660
f 943/560/661 816/560/661 560/560/661 719/560/661
f 815/560/662 943/560/662 719/560/662 559/560/662
f 496/560/663 624/560/663 944/560/663 816/560/663
f 624/560/664 497/560/664 817/560/664 944/560/664
f 944/560/665 817/560/665 561/560/665 720/560/665
f 816/560/666 944/560/666 720/560/666 560/560/666
f 497/560/667 625/560/667 945/560/667 817/560/667
f 625/560/668 498/560/668 818/560/668 945/560/668
f 945/560/669 818/560/669 562/560/669 721/560/669
f 817/560/670 945/560/670 721/560/670 561/560/670
f 498/560/671 626/560/671 946/560/671 818/560/671
f 626/560/672 499/560/672 819/560/672 946/560/672
f 946/560/673 819/560/673 563/560/673 722/560/673
f 818/560/674 946/560/674 722/560/674 562/560/674
f 499/560/675 627/560/675 947/560/675 819/560/675
f 627/560/676 500/560/676 820/560/676 947/560/676
f 947/560/677 820/560/677 564/560/677 723/560/677
f 819/560/678 947/560/678 723/560/678 563/560/678
f 500/560/679 628/560/679 948/560/679 820/560/679
f 628/560/680 501/560/680 821/560/680 948/560/680
f 948/560/681 821/560/681 565/560/681 724/560/681
f 820/560/682 948/560/682 724/560/682 564/560/682
f 501/560/683 629/560/683 949/560/683 821/560/683
f 629/560/684 502/560/684 822/560/684 949/560/684
f 949/560/685 822/560/685 566/560/685 725/560/685
f 821/560/686 949/560/686 725/560/686 565/560/686
f 502/560/687 630/560/687 950/560/687 822/560/687
f 630/560/688 503/560/688 823/560/688 950/560/688
f 950/560/689 823/560/689 567/560/689 726/560/689
f 822/560/690 950/560/690 726/560/690 566/560/690
f 503/560/691 631/560/691 951/560/691 823/560/691
f 631/560/692 504/560/692 824/560/692 951/560/692
f 951/560/693 824/560/693 568/560/693 727/560/693
f 823/560/694 951/560/694 727/560/694 567/560/694
f 504/560/695 632/560/695 952/560/695 824/560/695
f 632/560/696 505/560/696 825/560/696 952/560/696
f 952/560/697 825/560/697 569/560/697 728/560/697
f 824/560/698 952/560/698 728/560/698 568/560/698
f 505/560/699 633/560/699 953/560/699 825/560/699
f 633/560/700 506/560/700 826/560/700 953/560/700
f 953/560/701 826/560/701 570/560/701 729/560/701
f 825/560/702 953/560/702 729/560/702 569/560/702
f 506/560/703 634/560/703 954/560/703 826/560/703
f 634/560/704 507/560/704 827/560/704 954/560/704
f 954/560/705 827/560/705 571/560/705 730/560/705
f 826/560/706 954/560/706 730/560/706 570/560/706
f 507/560/707 635/560/707 955/560/707 827/560/707
f 635/560/708 508/560/708 828/560/708 955/560/708
f 955/560/709 828/560/709 572/560/709 731/560/709
f 827/560/710 955/560/710 731/560/710 571/560/710
f 508/560/711 636/560/711 956/560/711 828/560/711
f 636/560/712 509/560/712 829/560/712 956/560/712
f 956/560/713 829/560/713 573/560/713 732/560/713
f 828/560/714 956/560/714 732/560/714 572/560/714
f 509/560/715 637/560/715 957/560/715 829/560/715
f 637/560/716 510/560/716 830/560/716 957/560/716
f 957/560/717 830/560/717 574/560/717 733/560/717
f 829/560/718 957/560/718 733/560/718 573/560/718
f 510/560/719 638/560/719 958/560/719 830/560/719
f 638/560/720 511/560/720 831/560/720 958/560/720
f 958/560/721 831/560/721 575/560/721 734/560/721
f 830/560/722 958/560/722 734/560/722 574/560/722
f 511/560/723 639/560/723 959/560/723 831/560/723
f 639/560/724 512/560/724 832/560/724 959/560/724
f 959/560/725 832/560/725 576/560/725 735/560/725
f 831/560/726 959/560/726 735/560/726 575/560/726
f 512/560/727 640/560/727 960/560/727 832/560/727
f 640/560/728 513/560/728 833/560/728 960/560/728
f 960/560/729 833/560/729 577/560/729 736/560/729
f 832/560/730 960/560/730 736/560/730 576/560/730
f 513/560/731 641/560/731 961/560/731 833/560/731
f 641/560/732 514/560/732 834/560/732 961/560/732
f 961/560/733 834/560/733 578/560/733 737/560/733
f 833/560/734 961/560/734 737/560/734 577/560/734
f 514/560/735 642/560/735 962/560/735 834/560/735
f 642/560/736 483/560/736 803/560/736 962/560/736
f 962/560/737 803/560/737 547/560/737 738/560/737
f 834/560/738 962/560/738 738/560/738 578/560/738
f 516/560/612 643/560/612 963/560/612 836/560/612
f 643/560/611 515/560/611 835/560/611 963/560/611
f 963/560/614 835/560/614 579/560/614 739/560/614
f 836/560/613 963/560/613 739/560/613 580/560/613
f 517/560/616 644/560/616 964/560/616 837/560/616
f 644/560/615 516/560/615 836/560/615 964/560/615
f 964/560/618 836/560/618 580/560/618 740/560/618
f 837/560/617 964/560/617 740/560/617 581/560/617
f 518/560/620 645/560/620 965/560/620 838/560/620
f 645/560/739 517/560/739 837/560/739 965/560/739
f 965/560/622 837/560/622 581/560/622 741/560/622
f 838/560/621 965/560/621 741/560/621 582/560/621
f 519/560/624 646/560/624 966/560/624 839/560/624
f 646/560/623 518/560/623 838/560/623 966/560/623
f 966/560/626 838/560/626 582/560/626 742/560/626
f 839/560/625 966/560/625 742/560/625 583/560/625
f 520/560/628 647/560/628 967/560/628 840/560/628
f 647/560/627 519/560/627 839/560/627 967/560/627
f 967/560/630 839/560/630 583/560/630 743/560/630
f 840/560/629 967/560/629 743/560/629 584/560/629
f 521/560/632 648/560/632 968/560/632 841/560/632
f 648/560/631 520/560/631 840/560/631 968/560/631
f 968/560/634 840/560/634 584/560/634 744/560/634
f 841/560/633 968/560/633 744/560/633 585/560/633
f 522/560/636 649/560/636 969/560/636 842/560/636
f 649/560/635 521/560/635 841/560/635 969/560/635
f 969/560/638 841/560/638 585/560/638 745/560/638
f 842/560/637 969/560/637 745/560/637 586/560/637
f 523/560/640 650/560/640 970/560/640 843/560/640
f 650/560/639 522/560/639 842/560/639 970/560/639
f 970/560/642 842/560/642 586/560/642 746/560/642
f 843/560/641 970/560/641 746/560/641 587/560/641
f 524/560/644 651/560/644 971/560/644 844/560/644
f 651/560/643 523/560/643 843/560/643 971/560/643
f 971/560/646 843/560/646 587/560/646 747/560/646
f 844/560/645 971/560/645 747/560/645 588/560/645
f 525/560/648 652/560/648 972/560/648 845/560/648
f 652/560/647 524/560/647 844/560/647 972/560/647
f 972/560/650 844/560/650 588/560/650 748/560/650
f 845/560/649 972/560/649 748/560/649 589/560/649
f 526/560/652 653/560/652 973/560/652 846/560/652
f 653/560/651 525/560/651 845/560/651 973/560/651
f 973/560/654 845/560/654 589/560/654 749/560/654
f 846/560/653 973/560/653 749/560/653 590/560/653
f 527/560/656 654/560/656 974/560/656 847/560/656
f 654/560/655 526/560/655 846/560/655 974/560/655
f 974/560/658 846/560/658 590/560/658 750/560/658
f 847/560/657 974/560/657 750/560/657 591/560/657
f 528/560/660 655/560/660 975/560/660 848/560/660
f 655/560/659 527/560/659 847/560/659 975/560/659
f 975/560/662 847/560/662 591/560/662 751/560/662
f 848/560/661 975/560/661 751/560/661 592/560/661
f 529/560/664 656/560/664 976/560/664 849/560/664
f 656/560/663 528/560/663 848/560/663 976/560/663
f 976/560/666 848/560/666 592/560/666 752/560/666
f 849/560/665 976/560/665 752/560/665 593/560/665
f 530/560/668 657/560/668 977/560/668 850/560/668
f 657/560/667 529/560/667 849/560/667 977/560/667
f 977/560/670 849/560/670 593/560/670 753/560/670
f 850/560/669 977/560/669 753/560/669 594/560/669
f 531/560/672 658/560/672 978/560/672 851/560/672
f 658/560/671 530/560/671 850/560/671 978/560/671
f 978/560/674 850/560/674 594/560/674 754/560/674
f 851/560/673 978/560/673 754/560/673 595/560/673
f 532/560/676 659/560/676 979/560/676 852/560/676
f 659/560/675 531/560/675 851/560/675 979/560/675
f 979/560/678 851/560/678 595/560/678 755/560/678
f 852/560/677 979/560/677 755/560/677 596/560/677
f 533/560/680 660/560/680 980/560/680 853/560/680
f 660/560/679 532/560/679 852/560/679 980/560/679
f 980/560/682 852/560/682 596/560/682 756/560/682
f 853/560/681 980/560/681 756/560/681 597/560/681
f 534/560/684 661/560/684 981/560/684 854/560/684
f 661/560/740 533/560/740 853/560/740 981/560/740
f 981/560/686 853/560/686 597/560/686 757/560/686
f 854/560/685 981/560/685 757/560/685 598/560/685
f 535/560/688 662/560/688 982/560/688 855/560/688
f 662/560/687 534/560/687 854/560/687 982/560/687
f 982/560/690 854/560/690 598/560/690 758/560/690
f 855/560/689 982/560/689 758/560/689 599/560/689
f 536/560/692 663/560/692 983/560/692 856/560/692
f 663/560/691 535/560/691 855/560/691 983/560/691
f 983/560/694 855/560/694 599/560/694 759/560/694
f 856/560/693 983/560/693 759/560/693 600/560/693
f 537/560/696 664/560/696 984/560/696 857/560/696
f 664/560/695 536/560/695 856/560/695 984/560/695
f 984/560/698 856/560/698 600/560/698 760/560/698
f 857/560/697 984/560/697 760/560/697 601/560/697
f 538/560/700 665/560/700 985/560/700 858/560/700
f 665/560/699 537/560/699 857/560/699 985/560/699
f 985/560/702 857/560/702 601/560/702 761/560/702
f 858/560/701 985/560/701 761/560/701 602/560/701
f 539/560/704 666/560/704 986/560/704 859/560/704
f 666/560/703 538/560/703 858/560/703 986/560/703
f 986/560/706 858/560/706 602/560/706 762/560/706
f 859/560/705 986/560/705 762/560/705 603/560/705
f 540/560/708 667/560/708 987/560/708 860/560/708
f 667/560/707 539/560/707 859/560/707 987/560/707
f 987/560/710 859/560/710 603/560/710 763/560/710
f 860/560/709 987/560/709 763/560/709 604/560/709
f 541/560/712 668/560/712 988/560/712 861/560/712
f 668/560/711 540/560/711 860/560/711 988/560/711
f 988/560/714 860/560/714 604/560/714 764/560/714
f 861/560/713 988/560/713 764/560/713 605/560/713
f 542/560/716 669/560/716 989/560/716 862/560/716
f 669/560/715 541/560/715 861/560/715 989/560/715
f 989/560/718 861/560/718 605/560/718 765/560/718
f 862/560/717 989/560/717 765/560/717 606/560/717
f 543/560/720 670/560/720 990/560/720 863/560/720
f 670/560/719 542/560/719 862/560/719 990/560/719
f 990/560/722 862/560/722 606/560/722 766/560/722
f 863/560/721 990/560/721 766/560/721 607/560/721
f 544/560/724 671/560/724 991/560/724 864/560/724
f 671/560/723 543/560/723 863/560/723 991/560/723
f 991/560/726 863/560/726 607/560/726 767/560/726
f 864/560/725 991/560/725 767/560/725 608/560/725
f 545/560/728 672/560/728 992/560/728 865/560/728
f 672/560/727 544/560/727 864/560/727 992/560/727
f 992/560/730 864/560/730 608/560/730 768/560/730
f 865/560/729 992/560/729 768/560/729 609/560/729
f 546/560/732 673/560/732 993/560/732 866/560/732
f 673/560/731 545/560/731 865/560/731 993/560/731
f 993/560/734 865/560/734 609/560/734 769/560/734
f 866/560/733 993/560/733 769/560/733 610/560/733
f 515/560/736 674/560/736 994/560/736 835/560/736
f 674/560/735 546/560/735 866/560/735 994/560/735
f 994/560/738 866/560/738 610/560/738 770/560/738
f 835/560/737 994/560/737 770/560/737 579/560/737
